Date,High,Low,Open,Close,Volume,Adj Close,,,Date,High,Low,Open,Close
2018-04-03,169,148.2599945,165.8999939,149.0099945,30526500,149.0099945,,,2018-04-03,32750,31700,32050,32400
2018-04-04,148.9299927,135.5099945,140,144.2200012,11702900,144.2200012,,,2018-04-04,32450,30350,32450,30900
2018-04-05,152.4100037,141.25,149.2299957,143.9900055,7372800,143.9900055,,,2018-04-05,31300,30100,31100,30150
2018-04-06,148.7299957,144.6699982,146.0700073,147.9199982,4228100,147.9199982,,,2018-04-06,30800,29550,30150,29850
2018-04-09,151,148.5899963,149.5,150,2051400,150,,,2018-04-09,30800,30050,30150,30550
2018-04-10,156.7400055,151.1329956,152,154.8999939,2980000,154.8999939,,,2018-04-10,31300,30100,30900,31150
2018-04-11,154.1499939,147.5,154,149.5700073,1874000,149.5700073,,,2018-04-11,31500,30500,31400,30750
2018-04-12,151,148.6499939,150.25,149.1000061,1371900,149.1000061,,,2018-04-12,31150,29850,30800,29850
2018-04-13,150.4199982,148.0500031,149.8000031,149,1608100,149,,,2018-04-13,31000,30150,30250,30650
2018-04-16,150,142.7400055,150,144.3200073,1454700,144.3200073,,,2018-04-16,31250,30700,30700,31250
2018-04-17,149.8399963,146,146.0200043,148.4900055,1743100,148.4900055,,,2018-04-17,31450,30600,31250,30850
2018-04-18,155.9900055,149.5599976,149.9400024,154.9100037,2235300,154.9100037,,,2018-04-18,31200,30450,31200,30450
2018-04-19,155.0299988,152.0099945,154.3999939,153.4700012,1056900,153.4700012,,,2018-04-19,31150,30150,30650,30300
2018-04-20,159,151.2299957,152.3500061,158.4499969,2339000,158.4499969,,,2018-04-20,30600,30050,30300,30300
2018-04-23,160.6799927,154.6060028,159.3999939,158.0399933,2436500,158.0399933,,,2018-04-23,31050,30250,30450,30450
2018-04-24,159.2599945,153.5200043,159,155.0700073,1180400,155.0700073,,,2018-04-24,30600,29800,30450,29850
2018-04-25,154.6000061,150.0590057,153.9499969,153.3300018,1884600,153.3300018,,,2018-04-25,30150,29500,29700,30100
2018-04-26,157.8000031,151.3200073,153,156.6000061,1277200,156.6000061,,,2018-04-26,30100,29600,30100,29950
2018-04-27,160,157,157.3699951,159.9799957,1737800,159.9799957,,,2018-04-27,30250,28950,30200,29100
2018-04-30,162.8800049,159.6999969,161.5099945,161.6699982,3638400,161.6699982,,,2018-04-30,29850,28750,29050,29300
2018-05-01,165.1699982,161.2100067,162.1199951,164.8800049,2963900,164.8800049,,,2018-05-02,29700,28550,29500,28600
2018-05-02,171.2299957,166,166.5200043,170,6942800,170,,,2018-05-03,28800,28250,28400,28300
2018-05-03,161.1100006,151.1100006,154.1210022,160.3800049,11094800,160.3800049,,,2018-05-04,28750,27850,28300,27850
2018-05-04,161.1100006,152.5599976,161.1100006,154.2599945,4292600,154.2599945,,,2018-05-08,28300,27200,28300,27200
2018-05-07,154.7100067,148.0610046,154.5,150,5623700,150,,,2018-05-09,27950,26700,27350,27950
2018-05-08,154.6499939,150.2599945,151.0200043,150.6399994,2460300,150.6399994,,,2018-05-10,27900,26800,27600,27050
2018-05-09,150.9700012,148.4900055,150.5200043,150.0700073,1857400,150.0700073,,,2018-05-11,27450,26900,27000,27350
2018-05-10,159.9499969,150.3500061,151.3999939,158.1300049,3606600,158.1300049,,,2018-05-14,27650,26900,27050,27350
2018-05-11,158.2400055,155.2799988,158,156.7700043,1601300,156.7700043,,,2018-05-15,27900,27350,27450,27750
2018-05-14,164.9499969,156.7700043,159.4799957,159.9700012,4753300,159.9700012,,,2018-05-16,27700,27000,27700,27150
2018-05-15,160.9900055,155.3240051,156.75,158.7100067,2976200,158.7100067,,,2018-05-17,27350,27050,27150,27350
2018-05-16,163,158.0800018,158.1600037,161.3899994,2077800,161.3899994,,,2018-05-18,27550,27100,27400,27350
2018-05-17,159.4799957,156.75,159.1699982,158.7599945,2470900,158.7599945,,,2018-05-21,27750,27150,27150,27500
2018-05-18,160.0500031,150.7799988,160,150.8000031,4152400,150.8000031,,,2018-05-23,28050,27200,27300,27900
2018-05-21,153.7400055,149.9799957,153.3600006,150.2200012,1948700,150.2200012,,,2018-05-24,27900,27500,27900,27650
2018-05-22,153.3899994,150.0500031,150.6300049,150.4299927,1194400,150.4299927,,,2018-05-25,27650,27100,27650,27350
2018-05-23,154.5599976,150,150.4299927,154.3699951,1202600,154.3699951,,,2018-05-28,27850,27300,27550,27400
2018-05-24,156.8650055,153.3399963,154.3200073,154.5899963,1083300,154.5899963,,,2018-05-29,29350,27200,27300,28550
2018-05-25,157.75,154.6999969,155.7100067,156.6000061,1288500,156.6000061,,,2018-05-30,29150,27950,28700,28350
2018-05-29,156.5599976,152.6300049,156.1000061,154.6199951,1314300,154.6199951,,,2018-05-31,29000,28000,28350,29000
2018-05-30,156.9299927,153.7100067,156.6000061,156.3800049,1085500,156.3800049,,,2018-06-01,29050,28250,29000,28400
2018-05-31,158.8450012,155.1499939,156.8200073,157.7100067,1446800,157.7100067,,,2018-06-04,29200,28350,28450,28650
2018-06-01,161.8099976,157.3500061,158.8999939,159.2400055,1952400,159.2400055,,,2018-06-05,29000,28050,28650,28400
2018-06-04,162.9700012,158.1000061,159.5399933,162.8300018,2016900,162.8300018,,,2018-06-07,28800,28300,28400,28300
2018-06-05,165.0599976,161.2299957,162.5,164.9600067,1694400,164.9600067,,,2018-06-08,28400,27800,28200,28250
2018-06-06,165.6399994,159.2050018,164.0899963,165.6399994,2264400,165.6399994,,,2018-06-11,28950,28300,28300,28850
2018-06-07,168.75,164.6629944,168.75,166.0299988,2207400,166.0299988,,,2018-06-12,30700,28700,28700,30700
2018-06-08,172.9299927,165.0399933,165.5,171.4799957,3528900,171.4799957,,,2018-06-14,31650,30500,30500,31050
2018-06-11,172.75,169.2200012,171.5,172.3699951,2347400,172.3699951,,,2018-06-15,31500,30850,31150,31250
2018-06-12,175.9299927,169.8899994,173,170.2299957,2231500,170.2299957,,,2018-06-18,33700,32150,32250,33000
2018-06-13,172.7489929,170,172.1699982,170.8200073,1230700,170.8200073,,,2018-06-19,33400,31800,33200,32150
2018-06-14,180.0200043,169.4900055,169.5,178.1000061,4311600,178.1000061,,,2018-06-20,34200,31850,32150,34050
2018-06-15,176.9250031,172,175.8099976,175.0200043,1983200,175.0200043,,,2018-06-21,36950,34100,34200,36400
2018-06-18,175.9499969,171.2689972,173.4600067,174.3500061,937600,174.3500061,,,2018-06-22,36600,35450,36550,36250
2018-06-19,173.25,167.0599976,171.5299988,169.8899994,1627700,169.8899994,,,2018-06-25,38300,35600,37200,36250
2018-06-20,176.7700043,170.5,172.8800049,176.3999939,2365100,176.3999939,,,2018-06-26,38400,35750,36000,37200
2018-06-21,182.1799927,177.1950073,179,179.5299988,3782000,179.5299988,,,2018-06-27,38050,36550,38000,36750
2018-06-22,182.4499969,177.4019928,181.8000031,180.9400024,1472000,180.9400024,,,2018-06-28,37200,36000,36350,36500
2018-06-25,180,166,180,170.3699951,2878800,170.3699951,,,2018-06-29,37000,35300,36850,36250
2018-06-26,177,172.5399933,174.3699951,175.9799957,1658900,175.9799957,,,2018-07-02,37450,35550,36200,35950
2018-06-27,181.7200012,171.5800018,177.8200073,172.1499939,1779500,172.1499939,,,2018-07-03,38200,36200,36850,38100
2018-06-28,170.9400024,165.7100067,170.4799957,167.6999969,1645700,167.6999969,,,2018-07-04,38700,37350,38050,37800
2018-06-29,171.9400024,167.8399963,170.75,168.2400055,862300,168.2400055,,,2018-07-05,38000,36200,37800,36850
2018-07-02,170.7899933,162.0299988,165.8000031,170.6900024,1171200,170.6900024,,,2018-07-06,37500,36350,36650,37450
2018-07-03,171.2299957,168.2400055,171.0700073,168.6600037,508400,168.6600037,,,2018-07-09,39750,37450,37600,39750
2018-07-05,176.4400024,169.6000061,169.7100067,176.4400024,1299600,176.4400024,,,2018-07-10,39950,38600,39750,39100
2018-07-06,177.2949982,174.0299988,174.5200043,175.6999969,1092900,175.6999969,,,2018-07-11,39500,38500,38600,38750
2018-07-09,178.7100067,172.8099976,178.3500061,177.4400024,1388800,177.4400024,,,2018-07-12,40950,38250,38750,40450
2018-07-10,181.5,176.0099945,177.0899963,180.4299927,1541700,180.4299927,,,2018-07-13,42050,40250,40250,41350
2018-07-11,183.2400055,178.5,179.3000031,182.3500061,1998600,182.3500061,,,2018-07-16,42050,40550,41450,41750
2018-07-12,189.9700012,183.2400055,183.6499939,188.3500061,3505600,188.3500061,,,2018-07-17,41600,39100,41600,39100
2018-07-13,188.8600006,183.9499969,188.6000061,187.2100067,1313200,187.2100067,,,2018-07-18,40350,37400,39600,37850
2018-07-16,187.6199951,184.0299988,186.7799988,184.2200012,1141600,184.2200012,,,2018-07-19,38200,36100,38000,37100
2018-07-17,187.4799957,178.6100006,180.7200012,187.0500031,1813300,187.0500031,,,2018-07-20,37750,36200,37200,37150
2018-07-18,188.3890076,184.9499969,187.8000031,186.1499939,920500,186.1499939,,,2018-07-23,37200,34950,37150,35400
2018-07-19,186.8099976,182.0500031,185.1799927,182.1900024,877300,182.1900024,,,2018-07-24,36250,35150,35550,35400
2018-07-20,185.6499939,182.2700043,183.8300018,182.7899933,843700,182.7899933,,,2018-07-25,35550,33800,35500,35050
2018-07-23,190,183.5,184.9700012,188.0500031,1753900,188.0500031,,,2018-07-26,36750,34850,35500,36600
2018-07-24,190.8000031,186.0700073,188.0099945,187.8099976,2174000,187.8099976,,,2018-07-27,36850,35600,36450,35950
2018-07-25,188.0899963,184.5,185.5500031,187.9900055,2024700,187.9900055,,,2018-07-30,36150,33900,36100,34000
2018-07-26,198.9900055,187.0500031,191.8600006,196.2799988,5029000,196.2799988,,,2018-07-31,34000,32600,33850,33300
2018-07-27,196.5599976,182.4900055,195.7299957,186.2700043,4124900,186.2700043,,,2018-08-01,35100,33300,33350,34950
2018-07-30,189.3399963,175.3099976,187.6999969,176.7899933,2978500,176.7899933,,,2018-08-02,35200,33650,34700,34350
2018-07-31,183.8699951,175.3999939,177.2700043,182.8300018,2233200,182.8300018,,,2018-08-03,35050,34100,34500,34500
2018-08-01,185.4900055,179.8200073,183.5299988,180.1199951,1140500,180.1199951,,,2018-08-06,34800,33550,34550,33650
2018-08-02,181.1999969,177.8999939,179.6300049,179.7100067,1391600,179.7100067,,,2018-08-07,35150,33150,33900,35000
2018-08-03,180.1199951,174.6499939,179.9499969,175.5,1337600,175.5,,,2018-08-08,35850,34750,34800,35000
2018-08-06,181.1300049,175.5,175.5,179.9499969,1031700,179.9499969,,,2018-08-09,35550,34050,35050,34850
2018-08-07,184.4900055,179,180.2799988,179.5200043,894400,179.5200043,,,2018-08-10,35250,34200,34850,35000
2018-08-08,179.8099976,177.3399963,178.75,178.6999969,584400,178.6999969,,,2018-08-13,35500,34050,35350,34100
2018-08-09,190,177.5839996,179.0700073,187.3800049,2594700,187.3800049,,,2018-08-14,35750,34200,34450,35450
2018-08-10,189.5,185.3899994,185.5200043,189.0599976,1558700,189.0599976,,,2018-08-16,38050,34350,35100,37950
2018-08-13,196,188.5099945,189,191.5500031,3156000,191.5500031,,,2018-08-17,38700,36950,38200,37050
2018-08-14,194.8899994,189.4400024,193,193.75,1271900,193.75,,,2018-08-20,38000,35650,37000,36050
2018-08-15,195.8699951,187.1199951,195.2700043,190.3300018,1752400,190.3300018,,,2018-08-21,38750,36100,36100,38300
2018-08-16,194.1799927,190.6119995,192.5,192.3600006,546700,192.3600006,,,2018-08-22,39500,37500,38150,38900
2018-08-17,191.0209961,186.6000061,187.9299927,188.3699951,1489600,188.3699951,,,2018-08-23,39900,37200,38650,38200
2018-08-20,189.5399933,184.3399963,188.5500031,186.3999939,1050500,186.3999939,,,2018-08-24,40500,37550,37650,40050
2018-08-21,190.5800018,186.5,187.8699951,190.3800049,990000,190.3800049,,,2018-08-27,42000,39800,40000,41800
2018-08-22,192,188.2100067,190.9499969,191.0299988,1025500,191.0299988,,,2018-08-28,42650,39300,42000,39600
2018-08-23,194.3999939,189.5709991,191.6699982,190,980200,190,,,2018-08-29,41150,39550,39800,40850
2018-08-24,193.9199982,190.75,191,192.3800049,1454900,192.3800049,,,2018-08-30,42000,40800,40850,41950
2018-08-27,196.9499969,193.5399933,194,194.6900024,1773100,194.6900024,,,2018-08-31,43000,41050,41400,42900
2018-08-28,195.0700073,190,195.0700073,191.9600067,1014800,191.9600067,,,2018-09-03,43200,41350,42950,42600
2018-08-29,193.9499969,189.2400055,193.4700012,191.2599945,1290200,191.2599945,,,2018-09-04,43950,42250,42750,43250
2018-08-30,192.4440002,189.3200073,191.4499969,189.8500061,803700,189.8500061,,,2018-09-05,43550,42600,43050,43000
2018-08-31,191.1089935,188.3049927,190.1199951,189.5200043,710900,189.5200043,,,2018-09-06,43350,41900,43000,42550
2018-09-04,190.3099976,185.6000061,190,187.5299988,1430300,187.5299988,,,2018-09-07,43600,42700,42850,42950
2018-09-05,186.5700073,177.1000061,186.5700073,177.3600006,2312600,177.3600006,,,2018-09-10,43400,41300,42800,41550
2018-09-06,178.0399933,171.4700012,178,175.5599976,1698600,175.5599976,,,2018-09-11,42750,41250,41250,42000
2018-09-07,179.6900024,171.5350037,172.9900055,177.8000031,1185600,177.8000031,,,2018-09-12,44400,42200,42500,42600
2018-09-10,183.1900024,174.2299957,179.5299988,182.4900055,1175200,182.4900055,,,2018-09-13,43300,41900,42600,43300
2018-09-11,184.3099976,177.8300018,180.0099945,182.6699982,1413800,182.6699982,,,2018-09-14,43750,42500,43200,43600
2018-09-12,184.1399994,178.1600037,181.9199982,183.7899933,1092600,183.7899933,,,2018-09-17,43650,42100,43600,43250
2018-09-13,187.3500061,184.0099945,185,184.8899994,1021400,184.8899994,,,2018-09-18,43150,42200,42900,42700
2018-09-14,185.5299988,180.1100006,185,180.6300049,1126600,180.6300049,,,2018-09-19,44100,42450,43000,43400
2018-09-17,181.9900055,174.4100037,179.4100037,175.1000061,1318700,175.1000061,,,2018-09-20,43650,42500,43150,43600
2018-09-18,179.4299927,175.3399963,175.6199951,175.5200043,1156700,175.5200043,,,2018-09-21,44450,43300,43300,44000
2018-09-19,176.4799957,168.9600067,175.3300018,171.1399994,2615200,171.1399994,,,2018-09-27,44300,43450,44200,44200
2018-09-20,174.5200043,168,171.5399933,172.6399994,1283200,172.6399994,,,2018-09-28,44350,43650,44200,44200
2018-09-21,176.4799957,173.1519928,175.4100037,175.0200043,1425000,175.0200043,,,2018-10-01,46700,44500,44500,46700
2018-09-24,178.5899963,172.0099945,172.9700012,176.9700012,1151500,176.9700012,,,2018-10-02,47450,43950,47000,44650
2018-09-25,183.0899963,178.1499939,178.8300018,179.9100037,1178500,179.9100037,,,2018-10-04,44750,42550,44750,44650
2018-09-26,184.2599945,181.6600037,181.7599945,182.0500031,836900,182.0500031,,,2018-10-05,45000,42700,44650,43200
2018-09-27,185.9199982,182.5099945,182.8399963,184.4100037,964800,184.4100037,,,2018-10-08,43950,40250,43000,41200
2018-09-28,183.4400024,180.2200012,183.0599976,180.8300018,1163700,180.8300018,,,2018-10-10,42200,39600,41350,42150
2018-10-01,184.9499969,179.3099976,182.6199951,180.3999939,1023000,180.3999939,,,2018-10-11,41900,39000,41400,39650
2018-10-02,181,178.0700073,179.3899994,178.8800049,831000,178.8800049,,,2018-10-12,41450,39350,39400,40800
2018-10-03,180.6600037,173.5339966,179.2599945,176.9499969,1673900,176.9499969,,,2018-10-15,41850,39900,40500,40300
2018-10-04,175.6000061,167.3099976,174.4600067,168.5800018,1955100,168.5800018,,,2018-10-16,42300,40350,40350,42300
2018-10-05,169.8999939,162.2200012,167.9499969,164.3800049,2395600,164.3800049,,,2018-10-17,42500,38700,42050,39450
2018-10-08,165.8999939,156.7299957,162.3099976,163.4700012,1850600,163.4700012,,,2018-10-18,40150,39150,39650,40000
2018-10-09,165.3300018,160.3600006,161.5800018,161.5299988,1214500,161.5299988,,,2018-10-19,41700,39350,39500,41200
2018-10-10,160.6399994,149.0500031,160.6399994,149.4799957,3194000,149.4799957,,,2018-10-22,42150,40550,41000,41750
2018-10-11,153.5800018,146.5,147.1999969,152.2700043,2990500,152.2700043,,,2018-10-23,43750,40700,41750,42700
2018-10-12,161.8600006,155.4400024,157.6000061,158.4900055,2775300,158.4900055,,,2018-10-24,44000,36450,43900,37050
2018-10-15,162.6000061,157.4100037,160.3999939,159.25,1349700,159.25,,,2018-10-25,38850,35750,36550,38000
2018-10-16,165.4900055,156.7299957,160.8600006,164.75,1636000,164.75,,,2018-10-26,38950,35250,38900,36600
2018-10-17,168.1000061,157.4499969,168.0899963,159.2799988,2083700,159.2799988,,,2018-10-29,38050,35450,38050,35950
2018-10-18,158.3000031,149.8300018,157.4600067,152.4900055,2317000,152.4900055,,,2018-10-30,38000,33800,35500,38000
2018-10-19,156.3099976,148.2100067,154.0800018,148.9299927,2018500,148.9299927,,,2018-10-31,38050,36500,38000,36850
2018-10-22,151.8650055,146.5299988,149.5,148.5399933,1426500,148.5399933,,,2018-11-01,38400,36500,37000,37300
2018-10-23,153.6199951,140.3200073,143.6999969,153.25,2404200,153.25,,,2018-11-02,39200,37450,37550,38950
2018-10-24,155,145.7299957,153.9400024,146.3200073,1652400,146.3200073,,,2018-11-05,38650,37250,38650,37550
2018-10-25,152,147.8800049,149,149.6799927,1195600,149.6799927,,,2018-11-06,37950,36050,37950,36850
2018-10-26,149.0500031,141.75,143.75,146.2400055,1326800,146.2400055,,,2018-11-07,37000,34700,36850,35500
2018-10-29,148.7899933,137.0099945,148.7899933,139.1100006,2306700,139.1100006,,,2018-11-08,36150,34800,36150,35700
2018-10-30,142.2299957,131.0099945,137.0500031,141.6799927,3071400,141.6799927,,,2018-11-09,36450,35100,35700,36200
2018-10-31,152.4900055,141.9199982,142.0700073,149.6900024,3165300,149.6900024,,,2018-11-12,38750,36300,36800,38250
2018-11-01,145,133.25,133.3999939,141.1600037,8785800,141.1600037,,,2018-11-13,40200,36000,38300,39850
2018-11-02,143.8800049,137.8800049,140.4100037,138.9900055,2239200,138.9900055,,,2018-11-14,42350,39150,39850,41300
2018-11-05,143.8600006,137.3999939,140.5399933,143.6000061,1952500,143.6000061,,,2018-11-15,43500,41450,41450,42300
2018-11-06,145.3899994,138.1499939,142.7400055,142.6100006,1749700,142.6100006,,,2018-11-16,42700,41000,42500,41550
2018-11-07,147.2700043,142.1600037,144.1999969,145.7700043,2330900,145.7700043,,,2018-11-19,41550,40200,41550,40500
2018-11-08,144.9600067,135.2899933,144.5700073,137,2444100,137,,,2018-11-20,42350,39650,39800,41050
2018-11-09,138.8399963,133.0500031,135.0700073,138.0599976,2571600,138.0599976,,,2018-11-21,41400,39000,40850,40900
2018-11-12,137.4499969,126.75,136.8399963,131.3099976,2657200,131.3099976,,,2018-11-22,41050,39200,41050,39650
2018-11-13,136.0599976,130.5200043,132.2700043,131.6300049,1106300,131.6300049,,,2018-11-23,40050,39050,39250,39150
2018-11-14,136.7400055,132.0299988,134.2599945,134.0099945,1303900,134.0099945,,,2018-11-26,42300,39200,39250,41950
2018-11-15,138.2859955,132.25,132.4799957,136.9600067,1070500,136.9600067,,,2018-11-27,43200,41600,42550,42850
2018-11-16,137.4900055,132.6699982,134.7299957,134.2100067,868500,134.2100067,,,2018-11-28,43800,42450,42950,43200
2018-11-19,134.3899994,125.6999969,133.8899994,126.6999969,1556100,126.6999969,,,2018-11-29,44000,42100,44000,43000
2018-11-20,131.2100067,120.4899979,120.5500031,129.6999969,2463000,129.6999969,,,2018-11-30,43750,42450,43500,43400
2018-11-21,133.6450043,129.4100037,130.7599945,131.9799957,1455600,131.9799957,,,2018-12-03,44000,42700,44000,43650
2018-11-23,133,128.5200043,130.1100006,129.4100037,422200,129.4100037,,,2018-12-04,45350,43050,43500,45300
2018-11-26,138.6000061,130.9600067,131,138,1360400,138,,,2018-12-05,45600,44100,44500,44500
2018-11-27,139.5,134.5399933,136.7100067,138.75,1174000,138.75,,,2018-12-06,45050,41950,45050,43200
2018-11-28,141.3000031,133.0200043,141,138.2400055,1693200,138.2400055,,,2018-12-07,44150,42500,43600,43950
2018-11-29,140.8800049,137,137.0800018,138.9600067,972100,138.9600067,,,2018-12-10,44900,42900,43400,44050
2018-11-30,138.8930054,133.1799927,138.5,136.3800049,1064200,136.3800049,,,2018-12-11,45750,43900,44400,45200
2018-12-03,144.4900055,139.1900024,140.8699951,140.6799927,1489000,140.6799927,,,2018-12-12,45700,44450,45200,45550
2018-12-04,143.9499969,134.1300049,141.0399933,134.5,1600900,134.5,,,2018-12-13,45800,44950,45700,45600
2018-12-06,137.2899933,129.0099945,132,136.8300018,1543500,136.8300018,,,2018-12-14,46700,44400,45800,44750
2018-12-07,139.8000031,133.5800018,136.8899994,135.3099976,1115400,135.3099976,,,2018-12-17,45100,42150,45100,43500
2018-12-10,136.8399963,130.1000061,134.1999969,130.7899933,1464700,130.7899933,,,2018-12-18,43750,42200,42200,43200
2018-12-11,133.8099976,126.4100037,133.8099976,128.3699951,2356300,128.3699951,,,2018-12-19,46800,42600,43200,46400
2018-12-12,133.7799988,128.0299988,130.3000031,128.4700012,1656400,128.4700012,,,2018-12-20,46850,45400,46000,46000
2018-12-13,130.1199951,124.7099991,129.7799988,125.5500031,1171000,125.5500031,,,2018-12-21,46850,45500,45800,46650
2018-12-14,127.4000015,122.2399979,123.8499985,125.6800003,916900,125.6800003,,,2018-12-24,48700,46100,46700,47250
2018-12-17,124.9499969,120,123.5400009,120.4700012,1251100,120.4700012,,,2018-12-26,49000,46450,46450,48950
2018-12-18,122.8600006,119.8939972,120.6299973,120.5100021,1431100,120.5100021,,,2018-12-27,49300,47550,49150,48700
2018-12-19,124.3600006,115.8600006,120.7699966,118.6699982,1768300,118.6699982,,,2018-12-28,48900,46650,48550,47500
2018-12-20,118.9899979,111.8499985,117.5,114.5299988,2299000,114.5299988,,,2019-01-02,47450,45650,47050,45900
2018-12-21,114.3700027,104.0599976,114.1800003,106.8399963,3379000,106.8399963,,,2019-01-03,46750,45450,46200,45550
2018-12-24,110.4100037,103.2900009,104.8000031,107.75,944200,107.75,,,2019-01-04,48900,45450,45650,48900
2018-12-26,114.0599976,106.7750015,108.7399979,114.0400009,1463700,114.0400009,,,2019-01-07,50800,47950,49250,48400
2018-12-27,114.4499969,109.5,112.6600037,113.8199997,1498200,113.8199997,,,2019-01-08,49100,47550,48800,48400
2018-12-28,114.6750031,110.336998,114.0699997,112.1600037,971000,112.1600037,,,2019-01-09,48800,46850,48800,47300
2018-12-31,116.25,112.2699966,114.4199982,113.5,1397500,113.5,,,2019-01-10,48300,46750,47250,48200
2019-01-02,115.6299973,110.3600006,111.6600037,113.7399979,861100,113.7399979,,,2019-01-11,48400,46000,48400,46450
2019-01-03,113.3450012,108.5899963,112.0800018,109.0199966,1082300,109.0199966,,,2019-01-14,47300,45800,46600,46700
2019-01-04,121.4700012,111.5,112.0599976,118.5100021,2484800,118.5100021,,,2019-01-15,48700,46050,46950,48350
2019-01-07,123.8659973,113.2799988,115.0400009,119.3600006,2516200,119.3600006,,,2019-01-16,48600,47400,48550,47600
2019-01-08,122.7699966,114.6999969,121.4400024,117.4800034,1257100,117.4800034,,,2019-01-17,47750,44050,47350,44700
2019-01-09,124.3799973,118.1610031,118.5999985,122.6900024,1276700,122.6900024,,,2019-01-18,45200,43500,44550,44600
2019-01-10,124.9700012,119.5899963,122.3499985,123.9300003,1347100,123.9300003,,,2019-01-21,44950,42400,44950,42800
2019-01-11,124.3600006,118.2900009,123,120.5199966,1414400,120.5199966,,,2019-01-22,43600,41800,42800,43600
2019-01-14,128,118.5699997,120.1999969,126.7099991,2474200,126.7099991,,,2019-01-23,43300,41450,43300,42200
2019-01-15,132.4199982,128.6399994,129.2700043,131.25,2979900,131.25,,,2019-01-24,43600,41950,42600,43100
2019-01-16,134.5599976,130.1499939,132.0200043,134.25,2152200,134.25,,,2019-01-25,43450,42300,42950,42500
2019-01-17,135.3500061,132.5299988,133.0200043,133.25,1372400,133.25,,,2019-01-28,42550,41600,42350,42250
2019-01-18,136,132.5800018,135,133.6600037,1314100,133.6600037,,,2019-01-29,42600,40850,42050,41400
2019-01-22,134.7700043,131.7599945,132.6100006,133.8000031,1255600,133.8000031,,,2019-01-30,41850,40400,41400,40800
2019-01-23,135.5,128.5350037,134.1999969,130.9199982,1159400,130.9199982,,,2019-01-31,44100,40750,41200,43500
2019-01-24,133.5599976,130.1499939,131,132.6999969,708100,132.6999969,,,2019-02-01,43900,42900,43750,43450
2019-01-25,135.6499939,133,134.2799988,134.6699982,997000,134.6699982,,,2019-02-07,46700,43050,43800,45800
2019-01-28,134.4100037,130.8999939,134.0399933,133.25,1512600,133.25,,,2019-02-08,47200,45500,45700,46050
2019-01-29,134.1000061,129.7559967,133.7200012,132.4600067,790900,132.4600067,,,2019-02-11,47450,45600,47000,45600
2019-01-30,137.4900055,133.5500031,133.9700012,136.4700012,1456000,136.4700012,,,2019-02-12,45900,44450,45350,44900
2019-01-31,140.6999969,135.3099976,136.5200043,135.4499969,2173700,135.4499969,,,2019-02-13,45450,44150,45400,44600
2019-02-01,138.7899933,133.4499969,135.1199951,137.2100067,1783500,137.2100067,,,2019-02-14,44800,43200,44300,44450
2019-02-04,141.4100037,137.1999969,137.7400055,138.6000061,1245100,138.6000061,,,2019-02-15,45150,44150,44600,44800
2019-02-05,141,137.6300049,140,139.3999939,1844500,139.3999939,,,2019-02-18,45050,43000,45000,43300
2019-02-06,137.3500061,129.6000061,129.8999939,135.4499969,7575300,135.4499969,,,2019-02-19,43300,42600,43300,43050
2019-02-07,135,128.6999969,134.9700012,131.1900024,2514800,131.1900024,,,2019-02-20,44400,42750,43050,44250
2019-02-08,135.7400055,128.970993,129.5200043,134.7100067,1989900,134.7100067,,,2019-02-21,47300,44350,44350,46900
2019-02-11,138.8999939,136.0899963,136.6499939,137.8200073,3154800,137.8200073,,,2019-02-22,47700,45850,47250,46500
2019-02-12,143.3699951,137.8999939,139,140.4600067,2483300,140.4600067,,,2019-02-25,48100,46500,46500,47500
2019-02-13,144.1300049,141.1100006,142.1300049,143.5399933,2165800,143.5399933,,,2019-02-26,47900,43350,47400,45400
2019-02-14,148.9850006,143,143.25,146.8699951,2943600,146.8699951,,,2019-02-27,45350,43800,44800,44800
2019-02-15,148.6399994,144.6900024,147.9600067,148.5200043,2056100,148.5200043,,,2019-02-28,44650,41600,44650,42050
2019-02-19,149.8049927,145.6499939,148,146.2799988,1223400,146.2799988,,,2019-03-04,42650,40650,42650,41450
2019-02-20,148.6600037,145.6499939,146.5,147.8300018,1230400,147.8300018,,,2019-03-05,42350,40550,41050,40800
2019-02-21,149.8600006,146.6499939,147.5500031,148.5200043,1039500,148.5200043,,,2019-03-06,41950,40550,40650,41700
2019-02-22,152.5700073,148.8000031,149,151.1900024,1961400,151.1900024,,,2019-03-07,42200,40450,41550,40750
2019-02-25,153.4400024,148.5,152,149.3300018,1188700,149.3300018,,,2019-03-08,43350,40350,40500,43250
2019-02-26,147.9400024,142,145.8399963,145.0700073,1587300,145.0700073,,,2019-03-11,42300,36500,41950,37150
2019-02-27,147.6999969,142.8500061,145,145,1830200,145,,,2019-03-12,38700,35250,37350,35900
2019-02-28,146.0149994,139.4100037,145.6499939,140.1399994,2110400,140.1399994,,,2019-03-13,38250,35750,36050,37750
2019-03-01,141,135.2200012,139.2100067,138,3306200,138,,,2019-03-14,37950,36350,37650,37150
2019-03-04,140.223999,136.6799927,138.4499969,139.2299957,1415500,139.2299957,,,2019-03-15,36400,35150,36250,35700
2019-03-05,146.1999969,139.4199982,139.4199982,143.6000061,1712600,143.6000061,,,2019-03-18,36600,35150,35150,36500
2019-03-06,146.6000061,142.3930054,143.8500061,145.1199951,1233700,145.1199951,,,2019-03-19,36700,35950,36600,36150
2019-03-07,145,138.3999939,144.1000061,140.1799927,1588800,140.1799927,,,2019-03-20,36300,35400,36100,36000
2019-03-08,141.25,138.1000061,138.3899994,140.1799927,1129100,140.1799927,,,2019-03-21,35800,33200,33900,35400
2019-03-11,147.3899994,140.1499939,140.1799927,146.3600006,1523700,146.3600006,,,2019-03-22,35900,34750,35000,35150
2019-03-12,147.7899933,144.8200073,146.6199951,145.3300018,796100,145.3300018,,,2019-03-25,37050,34700,34800,35500
2019-03-13,147.2200012,143.2299957,146.9600067,143.4900055,1266900,143.4900055,,,2019-03-26,37300,35050,36150,36600
2019-03-14,144.5500031,140.0099945,144.2400055,140.2400055,1184500,140.2400055,,,2019-03-27,37100,35750,36650,36150
2019-03-15,144.4700012,140.6000061,141.6100006,141.9100037,1346500,141.9100037,,,2019-03-28,36750,35850,36200,36150
2019-03-18,143.3249969,138.1000061,141.9199982,139.1799927,1151900,139.1799927,,,2019-03-29,37750,36050,36300,37700
2019-03-19,142.4850006,139.0700073,140.6300049,141.5500031,1682600,141.5500031,,,2019-04-01,38300,36650,38250,37050
2019-03-20,144.3800049,139.6999969,141.3899994,143.8999939,1138800,143.8999939,,,2019-04-02,37550,36550,37000,36650
2019-03-21,145,141.5200043,142.4199982,143.9900055,1106300,143.9900055,,,2019-04-03,38000,36800,37000,37850
2019-03-22,142.8500061,137.0299988,142.75,139,2242700,139,,,2019-04-04,38700,37350,37850,38050
2019-03-25,143.4900055,135.6999969,137.75,142.1000061,1906800,142.1000061,,,2019-04-05,39000,37550,38500,37750
2019-03-26,143,136.3999939,142.1000061,137.4499969,1775800,137.4499969,,,2019-04-08,39450,38000,38500,38700
2019-03-27,138.5399933,131.7799988,138.0299988,133.3500061,2071900,133.3500061,,,2019-04-09,38950,37500,38950,38200
2019-03-28,137.8800049,132.9700012,133.8500061,137.6399994,1248200,137.6399994,,,2019-04-10,38450,37500,38150,37650
2019-03-29,139.7100067,135.1000061,135.5899963,138.8000031,1666100,138.8000031,,,2019-04-11,38250,37600,38050,38050
2019-04-01,141,137.9499969,139.9299927,140.0599976,1473000,140.0599976,,,2019-04-12,38150,37600,37700,37700
2019-04-02,143.5,139.5,140.6499939,142.5500031,1361600,142.5500031,,,2019-04-15,38100,36800,38100,37300
2019-04-03,145.5099945,142.5500031,143.1900024,143.8200073,1367200,143.8200073,,,2019-04-16,38600,37450,37900,37600
2019-04-04,143.5800018,138.8699951,143.3899994,140.2700043,1289700,140.2700043,,,2019-04-17,38100,37300,37900,37950
2019-04-05,144.25,140.9100037,141.4400024,141.1300049,2196600,141.1300049,,,2019-04-18,38200,37000,38150,37100
2019-04-08,144.3600006,139.7799988,140.8500061,142.2799988,753700,142.2799988,,,2019-04-19,37500,36500,37000,36550
2019-04-09,143.3699951,140.6300049,141.7100067,141.3399963,907100,141.3399963,,,2019-04-22,38000,36750,36750,37200
2019-04-10,145.4400024,140.4700012,141.3500061,143.5700073,1056700,143.5700073,,,2019-04-23,37800,37300,37450,37400
2019-04-11,144.3560028,140.5,143.7100067,141.8000031,913400,141.8000031,,,2019-04-24,37350,36450,37350,36800
2019-04-12,146.1999969,142.2599945,142.7100067,144.9499969,904700,144.9499969,,,2019-04-25,36650,35500,36400,35700
2019-04-15,141.9499969,137.1999969,141,138.5500031,2024200,138.5500031,,,2019-04-26,36150,35100,35450,35100
2019-04-16,140.4900055,136.8500061,138.6699982,139.4100037,1172600,139.4100037,,,2019-04-29,35600,34900,35200,35150
2019-04-17,140.1999969,136.6699982,139.9100037,137.6900024,972100,137.6900024,,,2019-04-30,36200,35000,35000,36000
2019-04-18,139.75,134.6600037,137.4600067,139.6499939,1119200,139.6499939,,,2019-05-02,36200,35450,36000,36200
2019-04-22,136.9049988,133.9499969,136.1999969,135.9199982,1634100,135.9199982,,,2019-05-03,36100,35600,36000,35800
2019-04-23,139.8500061,134.4299927,134.9600067,138.7899933,1704500,138.7899933,,,2019-05-07,35900,35050,35500,35100
2019-04-24,138.7899933,134.1399994,138.4799957,135.6199951,1693400,135.6199951,,,2019-05-08,35650,34800,34850,35200
2019-04-25,136.3500061,132.2109985,134.5,132.8200073,1675200,132.8200073,,,2019-05-09,35250,33650,35000,33700
2019-04-26,139.2250061,133.2299957,134,138.25,2844600,138.25,,,2019-05-10,34700,33200,33700,33950
2019-04-29,145.4600067,134.2100067,144.3999939,138.1399994,6689600,138.1399994,,,2019-05-13,34450,33450,33450,33550
2019-04-30,140.8300018,133.8000031,138.3500061,135.7700043,1678600,135.7700043,,,2019-05-14,33650,31500,32350,33400
2019-05-01,137.2899933,135.0700073,136.5,136.5,1482300,136.5,,,2019-05-15,34900,32700,33600,34750
2019-05-02,136.6999969,131.8600006,136.5,132.6999969,1287700,132.6999969,,,2019-05-16,35400,34400,35050,35200
2019-05-03,137.2400055,132.7700043,132.7700043,136.1699982,1411300,136.1699982,,,2019-05-17,35550,34650,35300,34800
2019-05-06,137.3450012,131.9400024,132.9600067,137,1157800,137,,,2019-05-20,36200,34850,34850,35850
2019-05-07,137.2700043,134.3600006,135.1300049,136.0599976,1014000,136.0599976,,,2019-05-21,36200,34150,36200,34600
2019-05-08,137.8999939,134.5,135.5700073,137.7100067,847500,137.7100067,,,2019-05-22,34850,34200,34600,34400
2019-05-09,136.4299927,132.4499969,135.6100006,134.8300018,1304300,134.8300018,,,2019-05-23,34650,33450,34500,33750
2019-05-10,138.1799927,134.3399963,134.6900024,137.8500061,1296800,137.8500061,,,2019-05-24,34100,32800,33250,32800
2019-05-13,134.6799927,132.0299988,133.9900055,132.3899994,1371600,132.3899994,,,2019-05-27,32000,28300,31850,28700
2019-05-14,135.2400055,131.0099945,134.2100067,133.5800018,1130600,133.5800018,,,2019-05-28,29850,28800,29150,29100
2019-05-15,136.6499939,131.3300018,132.1499939,136.4299927,906100,136.4299927,,,2019-05-29,29500,28600,28800,29300
2019-05-16,138.1600037,135.0500031,136.4299927,135.4299927,1032300,135.4299927,,,2019-05-30,30950,29250,29350,30300
2019-05-17,135,131.9900055,133.7299957,132.7599945,991300,132.7599945,,,2019-05-31,30800,29800,30500,30600
2019-05-20,133.4400024,130.9850006,131.5,131.5200043,1057000,131.5200043,,,2019-06-03,31900,30450,30500,31900
2019-05-21,134.8500061,132.0800018,132.75,132.2400055,904100,132.2400055,,,2019-06-04,32150,31000,31950,31800
2019-05-22,132.6600037,126.6100006,132.0500031,127.0899963,2023000,127.0899963,,,2019-06-05,32200,31150,32200,31900
2019-05-23,124.8099976,120.0500031,124.5500031,121.5800018,2096400,121.5800018,,,2019-06-07,32450,31700,31700,32250
2019-05-24,125.5699997,122.3199997,122.9000015,124.6500015,1227800,124.6500015,,,2019-06-10,32750,32000,32250,32700
2019-05-28,125.7799988,123.6900024,124.3399963,124.3600006,678000,124.3600006,,,2019-06-11,33850,32400,32600,33300
2019-05-29,126,122.5199966,123.1200027,125.6699982,1013700,125.6699982,,,2019-06-12,33800,31750,33100,31950
2019-05-30,128.625,125.8249969,126.1699982,127.6100006,980600,127.6100006,,,2019-06-13,32450,30650,31650,31250
2019-05-31,127.2699966,124.8099976,125.4400024,125.5800018,1073300,125.5800018,,,2019-06-14,30500,29100,30250,29500
2019-06-03,127.1299973,121.3300018,125.5199966,122.8099976,1399300,122.8099976,,,2019-06-17,30800,28700,30400,28950
2019-06-04,127.9899979,123.1500015,123.9400024,127.6100006,1351900,127.6100006,,,2019-06-18,29050,28050,29050,28300
2019-06-05,134.8999939,128.8600006,128.8600006,131,2283600,131,,,2019-06-19,29100,28300,28300,29000
2019-06-06,135.6829987,129.0099945,131.6199951,135.4100037,2333900,135.4100037,,,2019-06-20,29450,28550,29150,29400
2019-06-07,140.6300049,135.0449982,135.5,140.0800018,1643500,140.0800018,,,2019-06-21,29400,28900,29200,29200
2019-06-10,146.5899963,138.4700012,141,139.2299957,1753100,139.2299957,,,2019-06-24,29250,27950,29050,28250
2019-06-11,142.4799957,137.2100067,140.3399963,138.6000061,1483100,138.6000061,,,2019-06-25,28950,27950,28000,28750
2019-06-12,142.5599976,137.9700012,138.2799988,142.5,1607600,142.5,,,2019-06-26,29000,28350,28650,28400
2019-06-13,145,140.5599976,143.0099945,144.8500061,1104700,144.8500061,,,2019-06-27,29500,28400,28400,29150
2019-06-14,145,141.5,144,144.5899963,1109400,144.5899963,,,2019-06-28,29550,28650,29300,28950
2019-06-17,149.8500061,144.6670074,145,149.5,2405500,149.5,,,2019-07-01,29400,28400,29100,28500
2019-06-18,151.2599945,146.8699951,150.2299957,147.0099945,1560000,147.0099945,,,2019-07-02,29800,28200,28250,29000
2019-06-19,149.5399933,146.2299957,147.5,149.3000031,1007000,149.3000031,,,2019-07-03,29300,28350,29300,28550
2019-06-20,154.2949982,149.0709991,150.9600067,149.7700043,1664300,149.7700043,,,2019-07-04,29150,28500,28550,28850
2019-06-21,149.3399963,147.2299957,148.7799988,148.3099976,2648000,148.3099976,,,2019-07-05,29200,28600,29000,29050
2019-06-24,152.3809967,142.5,143,150.0399933,2886800,150.0399933,,,2019-07-08,29300,27600,28800,27950
2019-06-25,150.2649994,143.5,149.2899933,144.1600037,1996600,144.1600037,,,2019-07-09,28700,27700,27850,27700
2019-06-26,145.9499969,141.5200043,143.7899933,142.1000061,1468300,142.1000061,,,2019-07-10,29150,27750,27750,28600
2019-06-27,144.9900055,142.1000061,143.6000061,143.25,1490900,143.25,,,2019-07-11,29850,28600,28600,29850
2019-06-28,146.2200012,142.6799927,143.7400055,146.2200012,9156200,146.2200012,,,2019-07-12,29800,28350,29500,28500
2019-07-01,148.6999969,143.1499939,148.1000061,145.2899933,1295800,145.2899933,,,2019-07-15,28800,28000,28800,28150
2019-07-02,146.4299927,142.5800018,145.3000031,146.4299927,1144200,146.4299927,,,2019-07-16,28400,27900,28150,28250
2019-07-03,147.6799927,144.8099976,147.0200043,145.8600006,576700,145.8600006,,,2019-07-17,28150,27450,28100,27550
2019-07-05,146.4299927,144.6529999,145.5200043,146.3099976,679600,146.3099976,,,2019-07-18,27450,25750,26950,27000
2019-07-08,145.4230042,142.7599945,145.3699951,144.2899933,1306700,144.2899933,,,2019-07-19,28300,27000,27000,27800
2019-07-09,147.3000031,144.3899994,144.3899994,147.2400055,1349700,147.2400055,,,2019-07-22,28000,27200,28000,27750
2019-07-10,152.5,148.2200012,148.3000031,151.3600006,1196400,151.3600006,,,2019-07-23,28200,27300,27750,27350
2019-07-11,152.9600067,149.75,151.3600006,151.4600067,945500,151.4600067,,,2019-07-24,27700,27150,27350,27150
2019-07-12,153.3000031,150.4799957,151,152.3000031,952000,152.3000031,,,2019-07-25,27100,26350,26900,26550
2019-07-15,154.3800049,151.0099945,152.0700073,154.2700043,548300,154.2700043,,,2019-07-26,26500,25150,26000,25250
2019-07-16,156.8000031,148.8800049,154.5399933,151.4499969,1393700,151.4499969,,,2019-07-29,25500,24300,25000,24350
2019-07-17,152.3099976,147.2799988,151.1100006,148.0899963,1164100,148.0899963,,,2019-07-30,25500,24300,24300,25250
2019-07-18,147.9700012,143.5899963,147.5200043,145.1999969,1406400,145.1999969,,,2019-07-31,25350,24350,24800,25000
2019-07-19,146.2400055,143.6100006,145.6999969,144.1100006,907000,144.1100006,,,2019-08-01,25600,24450,24600,24800
2019-07-22,146.9499969,143.8200073,145.2299957,146.7599945,904000,146.7599945,,,2019-08-02,25350,24150,24150,24800
2019-07-23,151.6649933,146.5200043,146.6499939,148.7400055,1016400,148.7400055,,,2019-08-05,24700,22300,24500,22300
2019-07-24,152.7599945,147.9199982,148.7100067,152.3399963,1202400,152.3399963,,,2019-08-06,24000,21150,21150,22500
2019-07-25,155.2599945,152.0700073,152.8399963,152.9700012,955700,152.9700012,,,2019-08-07,23750,22500,22500,23450
2019-07-26,156.5500031,153.3549957,153.4400024,155.3800049,896600,155.3800049,,,2019-08-08,26000,23350,23500,26000
2019-07-29,156.3899994,153.5299988,155.25,153.8899994,1079000,153.8899994,,,2019-08-09,25050,23050,25000,23150
2019-07-30,156.2050018,151.5200043,151.9400024,155.1999969,2009600,155.1999969,,,2019-08-12,23400,22500,22900,23050
2019-07-31,155.6799927,145.6699982,148.9199982,154.9400024,5241300,154.9400024,,,2019-08-13,22600,21200,22100,22150
2019-08-01,161.3800049,154.2100067,154.9400024,155.6100006,3540500,155.6100006,,,2019-08-14,22600,21250,22400,21400
2019-08-02,156.5829926,151.0149994,154.3500061,153.4700012,953900,153.4700012,,,2019-08-16,21250,20400,20950,21000
2019-08-05,150.8099976,146.6900024,149.75,150,1552800,150,,,2019-08-19,21650,20600,20900,21400
2019-08-06,153,148.7899933,150.9199982,151.4400024,1088900,151.4400024,,,2019-08-20,21550,21100,21150,21350
2019-08-07,151.8200073,148.1699982,149.3699951,151.7799988,953200,151.7799988,,,2019-08-21,22500,21200,21350,22450
2019-08-08,157.9400024,152.4799957,153,157.6600037,941500,157.6600037,,,2019-08-22,22450,21400,22450,21600
2019-08-09,157.5,154.5,156.7599945,155.0099945,466700,155.0099945,,,2019-08-23,21650,21000,21400,21250
2019-08-12,154.1900024,149.0099945,153.75,151.0700073,724200,151.0700073,,,2019-08-26,20850,19300,20600,19450
2019-08-13,154.6820068,149.2400055,150.4199982,152.8200073,1232600,152.8200073,,,2019-08-27,20300,19550,19600,20000
2019-08-14,149.9100037,143.5200043,149.9100037,147.1499939,1320800,147.1499939,,,2019-08-28,20900,19900,19950,20800
2019-08-15,148.2050018,145.2700043,146.8300018,145.3699951,785200,145.3699951,,,2019-08-29,21150,20600,20800,20750
2019-08-16,148.7299957,146.4299927,146.6300049,147.7400055,641300,147.7400055,,,2019-08-30,21650,21000,21150,21200
2019-08-19,151.4839935,147.7200012,149.8399963,150.1000061,659200,150.1000061,,,2019-09-02,22200,20850,20850,21900
2019-08-20,150.6799927,147.8699951,149.5599976,148.1100006,740900,148.1100006,,,2019-09-03,22450,21700,21800,21750
2019-08-21,149,145.1100006,148.7799988,145.7599945,968800,145.7599945,,,2019-09-04,22350,21550,21950,22200
2019-08-22,145.75,140.5099945,145.3800049,140.9499969,1410600,140.9499969,,,2019-09-05,22550,21900,22450,22300
2019-08-23,140.1199951,135.2599945,140,138.0200043,1485800,138.0200043,,,2019-09-06,22650,21850,22400,21850
2019-08-26,140.3300018,136.7299957,138.6699982,137.8200073,684700,137.8200073,,,2019-09-09,22350,21850,22100,22150
2019-08-27,139.8399963,132.8099976,139.6399994,133.8800049,1760900,133.8800049,,,2019-09-10,22750,22100,22150,22600
2019-08-28,133.6100006,130.0200043,133.5,132.6699982,1461400,132.6699982,,,2019-09-11,23500,22400,22550,23500
2019-08-29,137.3899994,133.6600037,134.4600067,136.3500061,792100,136.3500061,,,2019-09-16,23250,22500,23050,23000
2019-08-30,138.2400055,133,136.6999969,134.9499969,678900,134.9499969,,,2019-09-17,23200,22450,23050,22750
2019-09-03,135.1100006,132.5,134.3800049,133.4100037,885200,133.4100037,,,2019-09-18,23350,22600,22800,22750
2019-09-04,134.7899933,131.4900055,133.6999969,133.4499969,1260900,133.4499969,,,2019-09-19,23100,22400,22800,22550
2019-09-05,136.5,134.3099976,135.6199951,135.6799927,701200,135.6799927,,,2019-09-20,27550,22250,22600,24200
2019-09-06,136.6900024,134.7200012,135.5299988,136.0599976,937100,136.0599976,,,2019-09-23,24950,24150,24400,24500
2019-09-09,136.2700043,133.8600006,136.2700043,134.1000061,818000,134.1000061,,,2019-09-24,24700,23700,24500,23750
2019-09-10,133.5700073,129.4700012,133.1699982,130,1753800,130,,,2019-09-25,23700,22550,23500,22700
2019-09-11,133.1900024,129.2599945,130.1000061,132,1180400,132,,,2019-09-26,24300,22850,22850,23700
2019-09-12,133.1799927,128.4799957,132.1699982,128.5500031,1187000,128.5500031,,,2019-09-27,24450,23750,24000,23900
2019-09-13,131.8000031,127.75,129,130.6300049,1221800,130.6300049,,,2019-09-30,24200,22850,24100,23050
2019-09-16,130.9900055,128.1600037,129.9199982,128.1699982,892600,128.1699982,,,2019-10-01,24200,22800,23200,24200
2019-09-17,130.4299927,125.3300018,129.0500031,129.0800018,1850500,129.0800018,,,2019-10-02,23850,23200,23600,23200
2019-09-18,130.4499969,126.0299988,129.2299957,127.9800034,915900,127.9800034,,,2019-10-04,23250,22450,23250,22850
2019-09-19,128.5299988,123.9000015,127.6100006,124.3899994,2478000,124.3899994,,,2019-10-07,23700,22850,23000,23400
2019-09-20,125.8700027,120.6299973,124,120.6999969,2380400,120.6999969,,,2019-10-08,23900,22900,23400,23800
2019-09-23,122.1149979,119.2600021,120.8700027,121.6100006,1510000,121.6100006,,,2019-10-10,23700,23000,23550,23550
2019-09-24,121,115,120.8600006,116.8000031,2444200,116.8000031,,,2019-10-11,25200,23650,23800,23950
2019-09-25,118.8399963,114.7600021,116.9000015,118.2200012,1363000,118.2200012,,,2019-10-14,25850,24150,24350,25650
2019-09-26,119.1900024,114.7600021,118,116.1999969,1378900,116.1999969,,,2019-10-15,26700,25350,25600,26000
2019-09-27,117.2300034,111.3040009,116.7399979,112.2399979,1837200,112.2399979,,,2019-10-16,26500,25750,26150,25800
2019-09-30,115.6699982,110.75,112.0500031,114,1370900,114,,,2019-10-17,26300,24800,26150,25250
2019-10-01,117.4199982,112.2699966,117.4100037,112.5199966,1573200,112.5199966,,,2019-10-18,25200,24350,25200,24750
2019-10-02,115,112.3820038,113.2200012,113.9000015,2046500,113.9000015,,,2019-10-21,25450,24400,24850,24900
2019-10-03,115.1699982,110.5699997,114,114.8199997,1363700,114.8199997,,,2019-10-22,26550,24850,25100,26400
2019-10-04,117.1699982,113.8899994,116.0999985,116.4199982,2040500,116.4199982,,,2019-10-23,26800,25850,26700,26350
2019-10-07,117.7200012,115.2919998,116.5,115.8600006,1138600,115.8600006,,,2019-10-24,26750,25800,26450,26400
2019-10-08,116.2099991,113.9700012,115,115.0800018,1248500,115.0800018,,,2019-10-25,26550,25550,26450,25850
2019-10-09,116.3300018,113.8499985,115.6100006,114.2399979,934500,114.2399979,,,2019-10-28,26700,25900,26200,26000
2019-10-10,115,112.0299988,114.0899963,112.5199966,760200,112.5199966,,,2019-10-29,26100,25500,26000,25700
2019-10-11,118.1100006,114.8300018,115,115.4899979,1353500,115.4899979,,,2019-10-30,26900,25700,25900,26750
2019-10-14,116.2699966,113.7200012,115.1800003,115.1699982,594800,115.1699982,,,2019-10-31,27000,26400,27000,26750
2019-10-15,119.0999985,114.9899979,115.6299973,118.5899963,1501700,118.5899963,,,2019-11-01,27500,26650,26900,26900
2019-10-16,118.7099991,115.6299973,118.0199966,116.5599976,1062300,116.5599976,,,2019-11-04,27300,26800,26900,27050
2019-10-17,119.1100006,116.8099976,117.0299988,117.8300018,1134000,117.8300018,,,2019-11-05,27150,26500,27150,26900
2019-10-18,117.9700012,114.2600021,117.9100037,115.3300018,802600,115.3300018,,,2019-11-06,27050,26300,26900,26500
2019-10-21,120.0599976,115.4800034,115.7300034,119,1155700,119,,,2019-11-07,26900,26150,26200,26650
2019-10-22,119.9499969,117.1100006,119.6299973,118.0100021,1128200,118.0100021,,,2019-11-08,26800,24700,26700,25400
2019-10-23,119.3000031,117.1999969,118.3300018,118.2300034,719300,118.2300034,,,2019-11-11,26100,24850,24900,26050
2019-10-24,119.4199982,117.0199966,119.2099991,118.8300018,862600,118.8300018,,,2019-11-12,26200,25400,25900,26150
2019-10-25,122,118.3199997,119.5299988,120.6900024,2319700,120.6900024,,,2019-11-13,26400,25500,25900,25550
2019-10-28,143.1499939,129.3399963,131.1100006,140.1999969,10797600,140.1999969,,,2019-11-14,25700,24850,25600,25400
2019-10-29,137.9100037,134.0899963,137.8699951,135.9900055,2570000,135.9900055,,,2019-11-15,25550,25000,25400,25400
2019-10-30,140.8999939,135.4600067,135.8600006,140.4499969,1644500,140.4499969,,,2019-11-18,25850,25200,25550,25450
2019-10-31,144.6199951,138.8899994,141.8000031,144.3000031,1943600,144.3000031,,,2019-11-19,25600,24750,25400,24850
2019-11-01,147.1100006,143.0399933,145,146.9199982,1851300,146.9199982,,,2019-11-20,25100,23950,25050,24300
2019-11-04,154.3099976,148.0399933,148.6799927,154.1499939,3826400,154.1499939,,,2019-11-21,24500,23350,24150,23800
2019-11-05,153.3099976,150,151.6699982,150.3699951,2551400,150.3699951,,,2019-11-22,24450,23800,23800,24050
2019-11-06,150,145.7899933,150,148.4799957,1363100,148.4799957,,,2019-11-25,25100,24200,24400,24950
2019-11-07,149.7400055,146.2599945,148.6499939,148.1699982,961700,148.1699982,,,2019-11-26,25350,24600,25350,25150
2019-11-08,149.3300018,146.0099945,147.8999939,147.8500061,902800,147.8500061,,,2019-11-27,25300,24650,25300,24950
2019-11-11,149.3999939,145.6199951,146.6300049,146.6300049,1477300,146.6300049,,,2019-11-28,25100,24550,24950,24600
2019-11-12,147.4400024,142.4400024,144.1999969,146.3899994,2002400,146.3899994,,,2019-11-29,27000,24300,24600,24850
2019-11-13,147.7899933,143.0099945,145.4900055,146.7799988,1070400,146.7799988,,,2019-12-02,25500,24750,24850,24800
2019-11-14,149.0099945,146.628006,147.3999939,148.7599945,1417700,148.7599945,,,2019-12-03,24750,23750,24650,24300
2019-11-15,148.8200073,146.7100067,148.6699982,147.5099945,885600,147.5099945,,,2019-12-04,24800,24100,24250,24400
2019-11-18,144.8899994,139.5099945,144.7400055,140.2599945,2305400,140.2599945,,,2019-12-05,24800,24200,24200,24400
2019-11-19,140.5,136.25,140.5,136.9700012,2119400,136.9700012,,,2019-12-06,25750,24050,24600,25500
2019-11-20,138.5299988,135.25,136.8300018,138.0299988,1820900,138.0299988,,,2019-12-09,26250,24800,25700,25100
2019-11-21,139.3999939,137.1900024,138.3600006,139.0599976,1583300,139.0599976,,,2019-12-10,26000,25000,25100,25550
2019-11-22,141.8899994,139.3500061,140.0800018,140.8899994,1575800,140.8899994,,,2019-12-11,26000,25350,25500,25350
2019-11-25,142.7100067,138.3399963,139.0800018,141.8699951,1239100,141.8699951,,,2019-12-12,25900,25250,25350,25450
2019-11-26,144,141.6499939,141.8699951,143.8300018,973500,143.8300018,,,2019-12-13,26400,25700,25700,26250
2019-11-27,144.6999969,142.8350067,143.0800018,142.9299927,1006500,142.9299927,,,2019-12-16,26300,25400,26300,25900
2019-11-29,143.2299957,141.5939941,142,142.5500031,394500,142.5500031,,,2019-12-17,26400,25800,26100,26200
2019-12-02,143.4700012,141.4799957,143.0800018,142.5299988,1254000,142.5299988,,,2019-12-18,26450,25850,26150,26200
2019-12-03,144.1499939,140.0099945,140.2599945,143.9799957,755700,143.9799957,,,2019-12-19,26550,25800,26200,26150
2019-12-04,148.3619995,144.0899963,145.0200043,144.9499969,1506000,144.9499969,,,2019-12-20,26400,25950,26400,26100
2019-12-05,146.8999939,144.5500031,146,146.5800018,791600,146.5800018,,,2019-12-23,26350,25850,26300,26150
2019-12-06,148.1779938,146.3399963,147.5899963,148.0899963,724200,148.0899963,,,2019-12-24,26400,25900,26100,26000
2019-12-09,148.8899994,146.0800018,147.7799988,146.3099976,1373700,146.3099976,,,2019-12-26,26500,26000,26000,26500
2019-12-10,147.9199982,145,145.8600006,145.9700012,1450300,145.9700012,,,2019-12-27,26800,26050,26350,26750
2019-12-11,147.3500061,141.9700012,144.9600067,147.1300049,767400,147.1300049,,,2019-12-30,27700,26200,26200,27350
2019-12-12,148.6799927,145.6999969,146.9700012,147.2299957,593000,147.2299957,,,2020-01-02,27700,26500,27250,27500
2019-12-13,148.3600006,146.0899963,146.5099945,147.1999969,703300,147.1999969,,,2020-01-03,28800,26600,27600,28400
2019-12-16,151.3999939,148.0099945,148.4499969,150.7799988,1223800,150.7799988,,,2020-01-06,30500,28000,28400,30000
2019-12-17,152.6999969,150.2310028,150.9499969,151.5299988,1431800,151.5299988,,,2020-01-07,31200,29500,30500,30750
2019-12-18,153.2030029,150.4400024,152.7599945,150.8699951,1561800,150.8699951,,,2020-01-08,30950,29400,30750,30550
2019-12-19,150.75,148.75,150.6499939,149.6799927,1025700,149.6799927,,,2020-01-09,32250,30800,31200,32050
2019-12-20,150.7299957,148.8049927,150.7299957,150.3099976,828300,150.3099976,,,2020-01-10,32050,31050,32050,31750
2019-12-23,152,149.7799988,150.3999939,150.4199982,939200,150.4199982,,,2020-01-13,34850,32200,32350,34700
2019-12-24,153.0099945,150.0200043,150.6300049,151.8200073,1008000,151.8200073,,,2020-01-14,36750,34450,35100,35000
2019-12-26,153.1799927,151.0500031,151.8899994,152.5200043,752700,152.5200043,,,2020-01-15,35950,34500,35100,35800
2019-12-27,154,152.5099945,152.6199951,153.1699982,920700,153.1699982,,,2020-01-16,35750,34600,35750,35150
2019-12-30,153.4900055,149.6699982,153.1799927,149.8099976,1038100,149.8099976,,,2020-01-17,35300,34350,35100,34950
2019-12-31,150.2100067,147.5500031,149.1199951,149.5500031,769300,149.5500031,,,2020-01-20,35600,34300,34950,34450
2020-01-02,152.8000031,149.6100006,151,151.6199951,662600,151.6199951,,,2020-01-21,34550,33100,34350,33300
2020-01-03,153.5899963,149.5,149.5,152.5,1018400,152.5,,,2020-01-22,34500,33100,33200,33950
2020-01-06,157,150.3500061,151.4900055,156.7200012,1311900,156.7200012,,,2020-01-23,33950,32900,33000,33300
2020-01-07,157.8500061,155.0099945,156.6999969,156.0200043,876700,156.0200043,,,2020-01-28,32300,28000,30500,31300
2020-01-08,159.4799957,155.3399963,156.3300018,158.7799988,974500,158.7799988,,,2020-01-29,33150,31300,31300,32750
2020-01-09,159.9799957,157.1100006,157.8399963,157.7400055,1630600,157.7400055,,,2020-01-30,33250,31900,32750,32550
2020-01-10,158.6600037,154.8999939,157.7400055,156.0399933,1046400,156.0399933,,,2020-01-31,33350,31600,33000,31600
2020-01-13,154.1150055,150.2649994,152.1999969,150.8699951,1880900,150.8699951,,,2020-02-03,34250,30400,30400,33950
2020-01-14,152.1300049,148.2200012,151.6199951,149.3999939,1048000,149.3999939,,,2020-02-04,35050,33250,33650,34200
2020-01-15,152.8200073,149.3549957,149.3899994,152.4499969,1037400,152.4499969,,,2020-02-05,34700,33400,34250,33500
2020-01-16,153.3500061,150.2700043,153.3500061,151.8399963,701300,151.8399963,,,2020-02-06,34350,33000,33950,33650
2020-01-17,152.6499939,146.6199951,152.0800018,148.3399963,1314900,148.3399963,,,2020-02-07,34550,33250,33800,33900
2020-01-21,149.4400024,145.7149963,147.5,148.9499969,1743900,148.9499969,,,2020-02-10,33300,32650,33300,32650
2020-01-22,152.9299927,147.0299988,150,148.1199951,1718700,148.1199951,,,2020-02-11,33200,31850,32650,32000
2020-01-23,150.9499969,147.6399994,148,148.9700012,1102100,148.9700012,,,2020-02-12,32900,32050,32200,32700
2020-01-24,150.2100067,145.8999939,149.3500061,146.6300049,1164800,146.6300049,,,2020-02-13,33500,32400,32850,33200
2020-01-27,145.3800049,141.5,143.1000061,144.3399963,1003900,144.3399963,,,2020-02-14,33250,32450,33200,32650
2020-01-28,145.5950012,143.0599976,145,144.3000031,791400,144.3000031,,,2020-02-17,34950,32000,32650,34600
2020-01-29,144.9400024,141.4199982,144.9400024,141.5700073,1215200,141.5700073,,,2020-02-18,35350,33950,34700,34050
2020-01-30,142.9700012,140,140.1499939,142.7100067,886600,142.7100067,,,2020-02-19,34650,33150,34100,33900
2020-01-31,143.0200043,140.1000061,143,141.3000031,1501100,141.3000031,,,2020-02-20,33750,32700,33750,32900
2020-02-03,146.5700073,141.5,141.7299957,146.5,1894500,146.5,,,2020-02-21,32650,31050,32500,31050
2020-02-04,156,148.6470032,149.0500031,154.3099976,3152600,154.3099976,,,2020-02-24,31400,29400,30100,30050
2020-02-05,152,145.3600006,150,147,4159800,147,,,2020-02-25,31100,29800,30050,30600
2020-02-06,154.5500031,145.6000061,146.6199951,154.3699951,2341700,154.3699951,,,2020-02-26,32450,29900,30200,31750
2020-02-07,155,150.7100067,152.7899933,154.5500031,2110600,154.5500031,,,2020-02-27,33750,31500,32000,32000
2020-02-10,154.2899933,147.8999939,152.6300049,148.3300018,1794700,148.3300018,,,2020-02-28,32050,30000,31600,30300
2020-02-11,150.9799957,145.0200043,149.3500061,145.7700043,1527900,145.7700043,,,2020-03-02,31300,29300,30550,30900
2020-02-12,147.4400024,144.1699982,146.1600037,147.0800018,1224000,147.0800018,,,2020-03-03,31900,29650,31450,29950
2020-02-13,146.8899994,141.3000031,146.8899994,141.5,1591000,141.5,,,2020-03-04,30300,29050,29800,29700
2020-02-14,144.4600067,140.8500061,142.7200012,141,1288100,141,,,2020-03-05,30050,29000,30000,29100
2020-02-18,145.1300049,140.8999939,141.5,144.6300049,1480200,144.6300049,,,2020-03-06,28850,25950,28100,26450
2020-02-19,146.3399963,143,145.5700073,143.3600006,1051800,143.3600006,,,2020-03-09,25750,24700,25600,25100
2020-02-20,148.1799927,142.1799927,143.3500061,147.8600006,1442600,147.8600006,,,2020-03-10,25750,24400,24600,25300
2020-02-21,147.1000061,143.0599976,146.7599945,146.9499969,1170700,146.9499969,,,2020-03-11,26550,24900,25350,25150
2020-02-24,146.6999969,139.1309967,140.4799957,145.3300018,1382100,145.3300018,,,2020-03-12,25050,22700,25050,23250
2020-02-25,147.9499969,141.2100067,146.8300018,141.8000031,2049200,141.8000031,,,2020-03-13,24000,20500,21100,22700
2020-02-26,144.5800018,140.3899994,140.9199982,140.4900055,1502900,140.4900055,,,2020-03-16,23750,21750,23000,22200
2020-02-27,140.1799927,134.5,137.0099945,134.5099945,1826300,134.5099945,,,2020-03-17,22850,20700,20700,22400
2020-02-28,137.5500031,129.6399994,131.0599976,137.1199951,1909400,137.1199951,,,2020-03-18,23200,21000,22450,21000
2020-03-02,139.7899933,134.6100006,137.9799957,139.3399963,1001700,139.3399963,,,2020-03-19,22300,18950,21650,19550
2020-03-03,142.3300018,136.0899963,139.4299927,137.1600037,964900,137.1600037,,,2020-03-20,21450,19350,19650,21350
2020-03-04,144.3300018,137.2299957,139,144.25,1336000,144.25,,,2020-03-23,20100,19000,19900,19450
2020-03-05,149.3500061,140.2700043,141.7400055,148.0800018,1501600,148.0800018,,,2020-03-24,21800,19450,19900,21400
2020-03-06,146.9900055,141.5700073,145.25,145.1399994,1311500,145.1399994,,,2020-03-25,24650,21900,22100,24650
2020-03-09,145.6699982,134,136.9299927,139.7799988,1361700,139.7799988,,,2020-03-26,26900,24300,25350,24650
2020-03-10,142.7200012,133.1900024,141.7599945,141.8999939,1359000,141.8999939,,,2020-03-27,25900,23550,25850,24400
2020-03-11,140.8099976,133.4750061,139.0800018,135.0599976,905500,135.0599976,,,2020-03-30,24000,22650,23300,23800
2020-03-12,129.8800049,116.4820023,125.4300003,126.9899979,1836600,126.9899979,,,2020-03-31,24300,23250,24050,24050
2020-03-13,133.0099945,121.0100021,133.0099945,131.5599976,1439600,131.5599976,,,2020-04-01,24650,23100,23900,23100
2020-03-16,123.8899994,109.1800003,118.5299988,117.6399994,1736000,117.6399994,,,2020-04-02,24100,22850,23300,24100
2020-03-17,119.8399963,111.1500015,118.3099976,118.8700027,2493000,118.8700027,,,2020-04-03,24150,23250,24100,23650
2020-03-18,122.6100006,110.9700012,111,121.2399979,1991000,121.2399979,,,2020-04-06,25000,23500,23900,25000
2020-03-19,140.3600006,117.7399979,119.8300018,129.1300049,2504100,129.1300049,,,2020-04-07,26000,24700,25650,25300
2020-03-20,129.6900024,119,129.3899994,124.3600006,3669100,124.3600006,,,2020-04-08,26900,24800,25050,26250
2020-03-23,123.4100037,113.5800018,123.4100037,118.1800003,2209200,118.1800003,,,2020-04-09,27050,26100,27000,26550
2020-03-24,133.9499969,123.1179962,125,129.6900024,2680900,129.6900024,,,2020-04-10,28900,26100,26550,28900
2020-03-25,131.5,122.3199997,130.0399933,124.2300034,1994700,124.2300034,,,2020-04-13,29800,28000,28900,28000
2020-03-26,127.9899979,122.6050034,124.0899963,126.8099976,1125600,126.8099976,,,2020-04-14,29100,27900,28600,28900
2020-03-27,126.3799973,121.5,122.4800034,122.5400009,1094200,122.5400009,,,2020-04-16,30800,29300,29550,30550
2020-03-30,126.9840012,120.0299988,124.4000015,121.4300003,1356600,121.4300003,,,2020-04-17,31400,29800,31300,30850
2020-03-31,125.9000015,120.0100021,122,121.4400024,1763600,121.4400024,,,2020-04-20,30950,29600,30950,29600
2020-04-01,124.4700012,116.3000031,119.8099976,121.6100006,1718100,121.6100006,,,2020-04-21,29150,27950,29150,28700
2020-04-02,125.4100037,119.2600021,120.6900024,121.9100037,739500,121.9100037,,,2020-04-22,29250,27800,28000,29250
2020-04-03,123.3000031,119.375,122.0999985,122.1200027,871700,122.1200027,,,2020-04-23,29450,28800,29300,29150
2020-04-06,123.4700012,116,120.8899994,122.5199966,2315000,122.5199966,,,2020-04-24,28900,27750,28900,28050
2020-04-07,129.3999939,123.552002,125.0999985,127.6100006,1539200,127.6100006,,,2020-04-27,29100,28000,28350,28850
2020-04-08,129.9799957,124.0699997,127.5400009,126.0400009,1386400,126.0400009,,,2020-04-28,30500,28450,28850,29550
2020-04-09,134.7579956,126.5,127.6200027,131.8600006,1226200,131.8600006,,,2020-04-29,30000,29000,29600,29650
2020-04-13,132.3600006,128.0299988,131.7700043,129.8300018,1067700,129.8300018,,,2020-05-04,30300,28700,28750,29850
2020-04-14,137.3300018,130.5599976,132.0500031,135.9299927,1536400,135.9299927,,,2020-05-06,30900,30000,30750,30600
2020-04-15,141.6300049,133.3699951,134.1699982,138.7799988,1747100,138.7799988,,,2020-05-07,30950,30150,30600,30950
2020-04-16,140.5700073,136.0299988,139.9499969,139.4900055,1102600,139.4900055,,,2020-05-08,31550,30400,31500,30600
2020-04-17,142.9579926,139.0700073,141.2200012,141.8600006,709100,141.8600006,,,2020-05-11,30650,29800,30100,30050
2020-04-20,146.3000031,140,140.6900024,144.5399933,1144400,144.5399933,,,2020-05-12,30000,29100,29900,29400
2020-04-21,143.6699982,138.0299988,142.6999969,139.1399994,1098000,139.1399994,,,2020-05-13,30700,28450,28800,30650
2020-04-22,142.6000061,139.4799957,141.5399933,139.7400055,899100,139.7400055,,,2020-05-14,31500,30050,30150,30500
2020-04-23,141.2350006,138.1300049,139.75,138.7100067,769500,138.7100067,,,2020-05-15,31350,29400,31350,29500
2020-04-24,140.1999969,136.6199951,139.25,137.8399963,1142300,137.8399963,,,2020-05-18,30650,29300,29600,30450
2020-04-27,141.4700012,139.0099945,140.1000061,140.25,1135500,140.25,,,2020-05-19,33200,30850,31350,33200
2020-04-28,143.7400055,139.1999969,141.5,139.7799988,1516200,139.7799988,,,2020-05-20,33600,31950,32800,33500
2020-04-29,163.9400024,152.4199982,153,155.7799988,5744100,155.7799988,,,2020-05-21,33600,32650,33600,32900
2020-04-30,153.8999939,146,148.9400024,151.5700073,2118500,151.5700073,,,2020-05-22,32800,31200,32800,31500
2020-05-01,146.8899994,143.9299927,144.5,144.8399963,2047300,144.8399963,,,2020-05-25,31750,30700,31300,31400
2020-05-04,148,143.0099945,144.0700073,145.3099976,1224100,145.3099976,,,2020-05-26,32150,31000,31500,32100
2020-05-05,148.4499969,144.0299988,147.3600006,145.0200043,1231000,145.0200043,,,2020-05-27,32950,31900,32400,32150
2020-05-06,149.9660034,146.0500031,146.8099976,148.4799957,1280700,148.4799957,,,2020-05-28,32450,30200,32300,30300
2020-05-07,151.6699982,147.1399994,150,148.0399933,1421700,148.0399933,,,2020-05-29,30750,29500,30500,29600
2020-05-08,153.2700043,149.0700073,149.7899933,152.1499939,912400,152.1499939,,,2020-06-01,31850,30100,30650,30450
2020-05-11,159.0200043,151.6000061,152.8500061,156.0200043,1294500,156.0200043,,,2020-06-02,30600,29900,30150,30250
2020-05-12,158.3650055,153.5700073,157.4400024,153.9400024,1099300,153.9400024,,,2020-06-03,30950,30150,30500,30450
2020-05-13,154.8699951,146.6799927,154.6300049,148.9799957,974900,148.9799957,,,2020-06-04,30600,29850,30500,30050
2020-05-14,152.1999969,146.9400024,148,152.0700073,895200,152.0700073,,,2020-06-05,30250,29600,30000,29900
2020-05-15,159,150.1600037,150.5500031,158.8300018,1511500,158.8300018,,,2020-06-08,31900,30100,30250,31850
2020-05-18,163.8800049,158.7200012,160,161.4299927,1306500,161.4299927,,,2020-06-09,32000,31250,31900,31850
2020-05-19,179.6900024,161.5700073,161.9400024,175.0299988,4119400,175.0299988,,,2020-06-10,32450,31500,31850,31950
2020-05-20,190.4799957,174.0099945,174.9900055,189.8000031,4818500,189.8000031,,,2020-06-11,32750,31800,32250,32000
2020-05-21,196.75,186.9100037,188.8099976,192.7400055,4318700,192.7400055,,,2020-06-12,30850,29650,30100,30400
2020-05-22,194.5700073,187,192,190.1699982,2156300,190.1699982,,,2020-06-15,30600,28550,30150,28550
2020-05-26,192.9700012,183.7599945,192,191,2482400,191,,,2020-06-16,30400,29100,29400,29750
2020-05-27,190,180.1300049,189.3000031,185.9499969,2326500,185.9499969,,,2020-06-17,30200,29050,29550,29700
2020-05-28,185.8999939,175.7299957,183.2100067,177.2200012,1858400,177.2200012,,,2020-06-18,29850,29250,29500,29600
2020-05-29,181.7799988,178.0700073,179.1199951,180.9299927,1158900,180.9299927,,,2020-06-19,30000,29150,29750,29800
2020-06-01,185,177.4499969,181.5,182.7100067,1309600,182.7100067,,,2020-06-22,30850,29850,30000,30450
2020-06-02,189.7700043,182.8999939,183,189.3600006,1552400,189.3600006,,,2020-06-23,31400,30000,30600,31200
2020-06-03,191.6199951,183.5099945,189.3600006,184.6300049,1522000,184.6300049,,,2020-06-24,31550,30950,31500,31500
2020-06-04,188.2200012,180.3000031,184.2299957,181.8399963,1200100,181.8399963,,,2020-06-25,32800,30800,31200,32500
2020-06-05,184.7200012,177.5050049,179,184.2799988,1157700,184.2799988,,,2020-06-26,34400,31950,33100,33850
2020-06-08,187.4600067,180.5,183.5,187.3000031,1202100,187.3000031,,,2020-06-29,41000,35000,35250,37000
2020-06-09,194.5899963,186.1199951,187.7899933,191.3099976,1582800,191.3099976,,,2020-06-30,42750,35550,37450,37250
2020-06-10,197.2769928,187.1000061,192.8500061,189.3999939,2112100,189.3999939,,,2020-07-01,38550,35550,37900,35600
2020-06-11,186.9199982,177.2100067,184.5,178.6799927,1728800,178.6799927,,,2020-07-02,40750,35450,35600,39450
2020-06-12,185.5399933,177.8099976,183.8600006,180.0700073,907600,180.0700073,,,2020-07-03,40500,38150,39100,38750
2020-06-15,188.8099976,177.2700043,178.2299957,187.8800049,1396100,187.8800049,,,2020-07-06,39850,38350,39350,39200
2020-06-16,190.9199982,183.1600037,190.4199982,185.4799957,1061100,185.4799957,,,2020-07-07,39000,37800,38850,38600
2020-06-17,199.9900055,186.3500061,187,199.8300018,3134600,199.8300018,,,2020-07-08,40600,38700,38800,40400
2020-06-18,229.5399933,206.5399933,209.7899933,225.2799988,12353200,225.2799988,,,2020-07-09,41750,39400,40750,39600
2020-06-19,242.25,228.7100067,234.5,231.2899933,12863200,231.2899933,,,2020-07-10,39800,36700,39650,38350
2020-06-22,238.2599945,227.0700073,228.3300018,236.0599976,6346100,236.0599976,,,2020-07-13,39250,37500,38700,38250
2020-06-23,257.230011,240.5,242.4100037,241.7599945,8055100,241.7599945,,,2020-07-14,39000,37550,37800,38750
2020-06-24,247.6069946,235.1100006,242.6799927,242.8600006,4949700,242.8600006,,,2020-07-15,39250,37250,39000,37450
2020-06-25,268.2999878,241.4499969,241.9199982,267.4700012,8578300,267.4700012,,,2020-07-16,38250,37200,37650,38000
2020-06-26,271.7099915,254.8500061,266.6000061,264.9500122,6497100,264.9500122,,,2020-07-17,39850,37550,38350,39650
2020-06-29,270.9899902,255.5599976,257.3699951,265.1400146,4766700,265.1400146,,,2020-07-20,40600,39100,39850,40000
2020-06-30,265.7799988,253.6399994,263.3399963,258.1900024,3515200,258.1900024,,,2020-07-21,40700,38950,40700,39000
2020-07-01,261.0899963,254.3200073,256,258.8999939,3404200,258.8999939,,,2020-07-22,39100,38050,39000,38350
2020-07-02,274.2999878,263.2080078,264.5,271.4899902,4247000,271.4899902,,,2020-07-23,39650,37650,38150,38850
2020-07-06,272.6700134,257.5100098,269.7999878,260.2600098,5167600,260.2600098,,,2020-07-24,39150,37650,38500,38300
2020-07-07,267.75,255.5010071,260.1000061,261.9899902,2283600,261.9899902,,,2020-07-27,39100,37600,37950,38700
2020-07-08,277.6149902,262.7000122,266.5700073,269.2600098,3787800,269.2600098,,,2020-07-28,39400,38450,38750,38950
2020-07-09,279.7600098,268.6799927,272.769989,274.7900085,2640400,274.7900085,,,2020-07-29,40500,38550,39150,40400
2020-07-10,278.9299927,273.519989,275.4500122,278.2399902,1772300,278.2399902,,,2020-07-30,40550,39300,40550,39450
2020-07-13,285.3999939,258.0100098,281.3999939,261.1900024,2834600,261.1900024,,,2020-07-31,41200,39250,39600,40700
2020-07-14,262.8999939,243.1100006,246.3099976,262.7999878,3861300,262.7999878,,,2020-08-03,43200,41150,41500,42650
2020-07-15,265.7200012,254,265,258.5,1779400,258.5,,,2020-08-04,43800,42000,42800,42950
2020-07-16,272.3500061,258.269989,259.269989,268.6799927,2794400,268.6799927,,,2020-08-05,45000,42500,43000,45000
2020-07-17,269.0400085,261.7200012,267.0799866,263.230011,1658000,263.230011,,,2020-08-06,46000,44200,45000,45050
2020-07-20,292.7600098,265.2000122,265.5299988,291.1900024,4110500,291.1900024,,,2020-08-07,45350,43750,44950,43950
2020-07-21,289.8139954,276.3099976,288.4100037,276.3800049,2549100,276.3800049,,,2020-08-10,46100,43400,44900,45600
2020-07-22,299.6700134,286.9299927,290.6700134,289.6199951,5062900,289.6199951,,,2020-08-11,46400,44850,46150,45700
2020-07-23,288.9899902,266.9599915,287.5499878,267.5400085,2812900,267.5400085,,,2020-08-12,45800,43600,45750,44250
2020-07-24,270.8150024,257.0299988,266.1700134,268.7399902,2406600,268.7399902,,,2020-08-13,50800,45700,46150,48250
2020-07-27,275.75,269.2000122,275.75,272.5,1562100,272.5,,,2020-08-14,49450,47500,48450,48500
2020-07-28,275.8500061,266.8599854,270,267.1199951,1860900,267.1199951,,,2020-08-18,49300,46050,49000,46750
2020-07-29,268.5849915,251.0200043,254.8800049,262.2099915,3970600,262.2099915,,,2020-08-19,49900,46200,46750,49300
2020-07-30,264.3200073,251.8300018,252,261.7900085,2667400,261.7900085,,,2020-08-20,48800,46000,48800,46500
2020-07-31,265.0750122,255.0899963,264.6300049,257.8200073,1811700,257.8200073,,,2020-08-21,47500,44700,46700,46700
2020-08-03,259.7999878,251.5099945,259,254.4299927,1829800,254.4299927,,,2020-08-24,47150,45100,46100,46800
2020-08-04,259.1919861,250.0099945,256.9599915,250.0200043,1707200,250.0200043,,,,,,,
2020-08-05,251.9799957,246,249.8399963,249.25,1649400,249.25,,,,,,,
2020-08-06,256.3599854,249.5,252.5299988,255.3200073,1341300,255.3200073,,,,,,,
2020-08-07,256.1900024,248.628006,256.019989,252.1199951,1239200,252.1199951,,,,,,,
2020-08-10,252.9499969,241.2700043,251.4900055,248.9900055,1389600,248.9900055,,,,,,,
2020-08-11,262.1400146,243.5110016,246.6100006,253.7200012,2621000,253.7200012,,,,,,,
2020-08-12,265.9700012,251.6900024,255.3600006,253.2899933,2030900,253.2899933,,,,,,,
2020-08-13,254.6900024,247.3000031,249.4199982,253.6600037,1388600,253.6600037,,,,,,,
2020-08-14,258.5899963,249.6600037,255.9799957,251.3200073,983900,251.3200073,,,,,,,
2020-08-17,260.980011,250.8600006,254.3099976,259.9100037,1345400,259.9100037,,,,,,,
2020-08-18,260.6700134,253.6199951,258.9599915,256.7999878,989100,256.7999878,,,,,,,
2020-08-19,264.5,256.9200134,259.980011,261.7200012,1372000,261.7200012,,,,,,,
2020-08-20,270.8900146,258.6380005,260,269.3299866,1730700,269.3299866,,,,,,,
2020-08-21,276.8770142,268.6300049,271.0299988,270.980011,1612100,270.980011,,,,,,,
2020-08-24,279.2399902,266.1080017,276.8099976,269.1300049,1250000,269.1300049,,,,,,,
