날짜,시가,고가,저가,종가,거래량
2013-01-02,46926,47299,45878,46701,191531
2013-01-03,46775,48572,45503,48199,376018
2013-01-04,48272,50143,47599,49994,352898
2013-01-07,50667,54185,50593,53812,662864
2013-01-08,53212,55532,52688,52914,340827
2013-01-09,52912,54934,52838,54485,244726
2013-01-10,55233,55906,53511,54261,221185
2013-01-11,54484,57029,52388,54410,471749
2013-01-14,54858,54858,52912,53063,139505
2013-01-15,53137,53811,51266,51267,151115
2013-01-16,51640,52988,50667,52390,136741
2013-01-17,52388,53137,50966,51416,116466
2013-01-18,51790,52014,50667,51416,96615
2013-01-21,51490,53661,51191,53213,171366
2013-01-22,53586,54185,52613,52914,104025
2013-01-23,53062,53137,49545,49695,251604
2013-01-24,49844,50966,49619,49621,136311
2013-01-25,49769,50593,49171,49695,71025
2013-01-28,49320,50368,46476,46777,216081
2013-01-29,47000,47524,45428,46103,257372
2013-01-30,46177,47225,46177,46402,103293
2013-01-31,46102,47599,45803,46851,79849
2013-02-01,46626,47075,45129,46177,103544
2013-02-04,46402,47299,46177,47300,74155
2013-02-05,46850,47374,46326,46777,52537
2013-02-06,47225,48123,46701,47749,78001
2013-02-07,47000,47823,46476,46627,85324
2013-02-08,46402,48272,46027,47899,85340
2013-02-12,47599,48422,47449,47675,52172
2013-02-13,47898,49619,47823,48647,141468
2013-02-14,48871,48946,47973,48423,76850
2013-02-15,48647,49395,47374,47749,142976
2013-02-18,47749,48422,47225,47600,64346
2013-02-19,47524,48946,47149,48797,133681
2013-02-20,49395,50892,48721,50892,217324
2013-02-21,51042,51790,49844,49920,159570
2013-02-22,49919,51117,45503,45504,434922
2013-02-25,45952,47374,45952,46926,315150
2013-02-26,46626,47898,46626,47076,116873
2013-02-27,47524,49245,46926,48872,161399
2013-02-28,49171,50593,48347,50069,179602
2013-03-04,49769,50817,48721,50144,210192
2013-03-05,51191,52688,51042,52240,292862
2013-03-06,52688,52912,51042,52315,159114
2013-03-07,52314,52464,50219,50892,151574
2013-03-08,50966,53436,50966,53362,290065
2013-03-11,54334,54709,52912,53962,309042
2013-03-12,54260,54484,53436,53886,131010
2013-03-13,53736,55681,53362,55009,225598
2013-03-14,55233,55532,54035,54785,149410
2013-03-15,54784,55083,53811,55009,122142
2013-03-18,54634,55308,53736,53737,92095
2013-03-19,54185,55532,54185,55533,148280
2013-03-20,55832,56131,54260,55383,135283
2013-03-21,55906,56655,55158,55233,136912
2013-03-22,55083,56655,54858,56356,121741
2013-03-25,56505,56505,53661,54261,206302
2013-03-26,53886,54410,52014,52988,229142
2013-03-27,52688,53960,51790,53138,161124
2013-03-28,53212,54334,53212,54335,87176
2013-03-29,54260,54559,53287,53812,117026
2013-04-01,54110,54185,52838,52839,87880
2013-04-02,53511,55832,53436,55683,238450
2013-04-03,56355,56879,55757,56506,179894
2013-04-04,56056,56879,53886,56880,223959
2013-04-05,57103,57478,54410,54709,236198
2013-04-08,55083,55757,51416,51791,230105
2013-04-09,51191,53436,49919,53288,194318
2013-04-10,53287,54185,52388,53362,116905
2013-04-11,54260,56131,54185,56057,236655
2013-04-12,56879,57627,55158,56057,483509
2013-04-15,60547,64364,59873,63616,1934492
2013-04-16,65336,67357,64738,64813,2001197
2013-04-17,66085,66235,60771,63092,1229497
2013-04-18,63091,64139,59050,59350,827909
2013-04-19,58151,60697,56580,59948,733486
2013-04-22,58526,60547,58526,58826,401551
2013-04-23,58825,60472,58376,59125,301602
2013-04-24,59499,59873,57852,59500,298651
2013-04-25,59499,59948,58002,58078,353052
2013-04-26,58151,59499,57553,58377,300999
2013-04-29,59499,60023,56280,56281,293717
2013-04-30,56655,56804,53511,53737,501322
2013-05-02,52164,52314,50219,50593,488935
2013-05-03,51117,51940,50667,50668,205751
2013-05-06,50742,51490,48721,48872,386913
2013-05-07,49021,53362,48048,53138,514200
2013-05-08,53436,53436,51640,51641,230891
2013-05-09,52239,52763,51191,51866,138237
2013-05-10,51416,51416,49619,49621,214658
2013-05-13,49395,50069,47524,47824,183916
2013-05-14,49095,51042,49095,50069,246877
2013-05-15,52014,52014,49395,49470,218569
2013-05-16,48647,50293,48647,49845,111742
2013-05-20,49844,50293,49171,49171,87579
2013-05-21,48497,50518,48497,50369,124875
2013-05-22,50667,50667,49619,50144,93208
2013-05-23,50219,50892,48721,48872,140904
2013-05-24,49095,50143,48946,49546,130682
2013-05-27,49844,49919,48347,48423,115502
2013-05-28,48572,49095,48123,48573,113067
2013-05-29,48871,49619,48647,49022,118599
2013-05-30,49395,49395,48272,48348,82518
2013-05-31,48197,49320,48197,49246,95862
2013-06-03,48946,49695,47599,47600,110537
2013-06-04,47898,48123,45428,45729,222038
2013-06-05,45279,46102,45054,45055,96145
2013-06-07,45054,45428,43033,43184,151280
2013-06-10,43183,44680,43183,44382,101812
2013-06-11,44231,44530,42958,43184,90674
2013-06-12,42584,43632,42510,42585,93060
2013-06-13,42210,43258,41836,43109,77923
2013-06-14,43258,44081,42360,42361,83212
2013-06-17,42135,42659,40264,40414,107431
2013-06-18,40489,42285,39890,42211,181658
2013-06-19,41910,42210,40639,40639,97956
2013-06-20,40414,41611,39665,41163,89071
2013-06-21,40264,40414,39591,39891,106618
2013-06-24,39741,40264,38094,38095,85280
2013-06-25,37271,38019,33940,34652,246965
2013-06-26,35175,36671,34838,35962,249002
2013-06-27,36671,38992,36335,38544,192889
2013-06-28,38842,40564,38543,39143,170012
2013-07-01,39141,40489,38543,39966,87041
2013-07-02,39965,40414,38917,39068,98384
2013-07-03,39067,40339,38917,39217,100604
2013-07-04,39516,40339,38693,39966,72684
2013-07-05,40264,40713,39441,40265,72633
2013-07-08,40414,40713,39141,39217,66290
2013-07-09,39516,40040,38468,38469,65118
2013-07-10,38468,38468,36822,37010,101571
2013-07-11,37046,38318,37046,37571,90556
2013-07-12,37645,39067,37570,39068,113945
2013-07-15,39291,39815,38543,39367,93805
2013-07-16,39141,39815,38693,38769,55484
2013-07-17,38617,40189,38617,40040,82996
2013-07-18,40189,40788,39516,39517,88816
2013-07-19,39366,40414,39291,39442,84177
2013-07-22,39591,39965,39067,39517,61055
2013-07-23,39366,40189,39366,39816,70678
2013-07-24,40040,42584,40040,42361,218223
2013-07-25,43482,43707,42285,42436,171635
2013-07-26,42285,43033,42060,42286,72244
2013-07-29,41836,42884,41387,41912,64251
2013-07-30,41537,42809,41537,42361,69093
2013-07-31,42434,43258,42211,42510,73720
2013-08-01,42510,43033,41986,41986,50700
2013-08-02,42285,43033,41687,41986,78907
2013-08-05,42285,42510,41237,41238,70267
2013-08-06,41312,41611,39890,40115,130017
2013-08-07,40189,43108,40189,42061,199361
2013-08-08,42360,42884,42060,42061,111176
2013-08-09,42135,42584,41761,41912,64643
2013-08-12,42135,42584,40564,40714,96817
2013-08-13,41387,41836,40788,41088,66399
2013-08-14,41537,41687,40788,41014,49762
2013-08-16,40414,40788,39665,40414,62523
2013-08-19,40489,40788,40264,40714,60542
2013-08-20,40564,40564,38842,38918,114135
2013-08-21,38917,39516,37271,37571,139760
2013-08-22,36448,36859,35661,35887,177934
2013-08-23,36073,36747,36073,36635,74485
2013-08-26,36335,38019,36335,37795,77722
2013-08-27,37794,37869,36522,36523,81872
2013-08-28,35250,37083,35175,36186,89789
2013-08-29,36372,37121,36372,36860,73003
2013-08-30,37195,38393,37121,37870,129258
2013-09-02,38468,39516,38243,39442,90853
2013-09-03,39591,39741,38693,39292,71344
2013-09-04,39441,40489,39441,39891,96081
2013-09-05,39741,39815,38992,39068,61603
2013-09-06,38693,39291,38019,38319,70517
2013-09-09,38468,38917,37794,38319,79384
2013-09-10,38243,38767,37944,38319,61855
2013-09-11,38318,39815,38318,39741,104921
2013-09-12,40414,40414,39366,39966,92311
2013-09-13,40040,41163,39516,40789,205222
2013-09-16,40938,41687,40863,41388,160136
2013-09-17,41387,41687,40564,40864,93102
2013-09-23,41312,42360,41312,41612,159571
2013-09-24,41836,41836,40863,41462,67341
2013-09-25,41761,41761,40264,40789,134051
2013-09-26,40788,41537,40788,41163,71088
2013-09-27,41462,41537,40863,41388,59909
2013-09-30,41013,41462,40713,41088,91901
2013-10-01,40788,41163,38842,39517,250898
2013-10-02,39890,40189,39067,39217,100851
2013-10-04,38468,39217,38393,38544,109575
2013-10-07,38543,39067,38169,38169,54318
2013-10-08,37719,38094,37345,37421,119519
2013-10-10,37645,37869,37570,37721,58825
2013-10-11,38094,38318,37645,37795,73083
2013-10-14,37570,38094,37345,37384,68220
2013-10-15,37869,38094,37383,37795,113202
2013-10-16,37645,38169,36671,36673,129344
2013-10-17,36747,37046,35549,35699,131543
2013-10-18,35512,38318,35512,38319,137219
2013-10-21,39291,39890,38917,39068,296216
2013-10-22,38693,39516,38393,38918,80517
2013-10-23,38917,39217,37794,37870,93241
2013-10-24,38094,38917,37570,38918,119677
2013-10-25,39141,39217,38393,38769,65225
2013-10-28,39366,40040,38917,39367,124850
2013-10-29,39366,39441,38767,38918,55457
2013-10-30,39441,39815,38992,38993,71080
2013-10-31,38543,39217,38243,38245,53255
2013-11-01,38094,39741,38094,38843,78200
2013-11-04,38917,38917,38169,38319,49539
2013-11-05,37420,38318,37420,38095,52366
2013-11-06,37794,38468,37308,37346,67004
2013-11-07,37719,38318,37420,37421,39458
2013-11-08,36822,38094,36822,37346,39262
2013-11-11,37495,37645,36111,36336,70490
2013-11-12,35998,36972,35998,36523,35346
2013-11-13,36410,37495,36410,36673,39427
2013-11-14,36822,37719,36784,37346,47913
2013-11-15,37420,38094,37345,37571,36738
2013-11-18,37645,38019,37420,37571,38059
2013-11-19,37495,39141,37271,39143,84983
2013-11-20,38992,39141,38019,38020,58984
2013-11-21,38842,38842,37719,38095,47345
2013-11-22,37383,37719,36671,36972,109690
2013-11-25,37083,37570,36822,36822,48716
2013-11-26,36784,36972,36522,36710,43087
2013-11-27,36896,37944,36896,37234,59684
2013-11-28,37383,37420,37008,37047,39890
2013-11-29,37046,37570,36747,37122,75475
2013-12-02,37308,37308,36410,36486,57871
2013-12-03,36597,36822,36485,36486,34078
2013-12-04,36485,37083,36485,36747,43096
2013-12-05,36709,36822,36448,36673,26731
2013-12-06,36635,36859,36185,36261,41352
2013-12-09,36335,37345,36036,36673,91861
2013-12-10,36671,37046,36410,36598,40559
2013-12-11,36822,37308,36372,36410,68966
2013-12-12,36111,36747,36111,36336,30657
2013-12-13,37046,38393,36784,38169,214476
2013-12-16,38243,38842,38019,38544,104147
2013-12-17,38917,38917,38169,38169,57454
2013-12-18,38019,38767,37495,37870,59569
2013-12-19,37944,38468,37420,37571,67777
2013-12-20,37645,38468,37570,38319,57845
2013-12-23,38393,38468,37944,38020,48440
2013-12-24,38019,38393,37794,37945,40804
2013-12-26,37944,38468,37645,37721,57236
2013-12-27,37645,38243,37645,38095,32521
2013-12-30,38169,38917,37869,38918,83593
2014-01-02,39815,40189,39217,39592,157526
2014-01-03,39665,40489,39441,40340,122533
2014-01-06,40713,40938,40040,40938,96780
2014-01-07,40938,41387,40713,41238,84097
2014-01-08,41537,41761,40489,40864,131973
2014-01-09,40938,41013,39141,39517,297074
2014-01-10,40040,40339,39067,40040,157651
2014-01-13,40339,43183,40264,42960,377450
2014-01-14,42958,43856,42584,43633,242835
2014-01-15,43482,43632,42584,43408,134978
2014-01-16,44231,45354,43707,44307,319937
2014-01-17,44456,45354,44231,44906,162765
2014-01-20,45129,45428,44380,44906,108921
2014-01-21,44904,45354,44530,44980,95197
2014-01-22,44755,45578,44755,45130,79010
2014-01-23,44904,45129,44530,44606,77409
2014-01-24,44605,44980,43333,43558,101318
2014-01-27,42734,45428,42510,44531,188854
2014-01-28,44530,45428,44156,44157,106002
2014-01-29,44231,45204,44231,44906,80584
2014-02-03,44680,44980,44380,44382,63564
2014-02-04,43408,44306,43333,43858,94738
2014-02-05,43782,43856,42060,42510,195339
2014-02-06,42135,43033,41910,42735,112315
2014-02-07,43183,43707,42510,43034,135143
2014-02-10,43258,43707,42958,43484,73187
2014-02-11,43557,43707,42884,42884,50910
2014-02-12,42734,44904,42734,44830,199673
2014-02-13,45054,45054,44306,44830,97959
2014-02-14,44904,45279,44605,44980,112652
2014-02-17,42659,43557,41836,42884,444677
2014-02-18,42884,43782,41910,43558,174660
2014-02-19,43632,44156,43183,43259,94873
2014-02-20,43033,43856,43033,43633,61487
2014-02-21,43632,43932,42659,42810,79754
2014-02-24,42958,43108,41910,41986,96606
2014-02-25,42285,43108,41761,42061,117518
2014-02-26,42135,43333,42060,42960,86497
2014-02-27,43707,44006,43258,43484,113943
2014-02-28,43258,44755,42884,44456,799344
2014-03-03,43557,46775,43557,46627,457359
2014-03-04,46934,47703,46318,46858,134393
2014-03-05,46857,47165,46395,46858,60647
2014-03-06,47088,48627,46857,48473,188130
2014-03-07,49242,49319,47703,48396,158212
2014-03-10,48858,53012,48319,51320,412398
2014-03-11,51781,52551,51474,52320,282039
2014-03-12,52551,52551,50858,51012,140318
2014-03-13,50858,51935,50166,51705,129814
2014-03-14,51243,52858,50627,50628,176096
2014-03-17,50704,51012,47319,47858,296895
2014-03-18,48088,50935,47626,49550,295968
2014-03-19,49550,49781,48550,49243,100625
2014-03-20,47780,49550,47703,49166,161313
2014-03-21,49550,49781,48858,49627,81225
2014-03-24,49704,49935,48473,48550,88634
2014-03-25,48011,48473,46395,46934,173600
2014-03-26,46934,48319,46780,48166,93561
2014-03-27,48550,48704,47857,47935,64822
2014-03-28,47857,48858,47396,48089,50360
2014-03-31,48781,49011,48165,48781,71720
2014-04-01,48781,49396,48550,48935,80232
2014-04-02,49319,49858,48781,48935,80191
2014-04-03,48858,49088,48165,48396,58444
2014-04-04,48473,49165,47703,48089,79213
2014-04-07,47703,47934,46165,46550,136839
2014-04-08,46549,49858,46549,47858,191097
2014-04-09,48242,49165,47857,48550,95837
2014-04-10,49011,49242,48242,48550,54214
2014-04-11,48011,48934,47934,48473,48100
2014-04-14,48242,48704,48165,48550,42023
2014-04-15,48781,48858,48011,48089,43482
2014-04-16,48396,48550,47934,48242,36949
2014-04-17,48165,48319,47396,47396,48624
2014-04-18,47473,48088,47088,47704,78619
2014-04-21,47780,47780,46934,47011,70458
2014-04-22,47088,47780,46395,47242,74884
2014-04-23,47319,47473,46703,46704,46863
2014-04-24,46934,47242,45857,46319,76225
2014-04-25,46165,46318,45549,45703,65338
2014-04-28,45703,46549,45472,45780,57654
2014-04-29,46165,46241,45318,45396,65972
2014-04-30,45241,47550,45241,47550,152545
2014-05-02,49300,50900,48600,49300,280635
2014-05-07,49300,49300,47750,47800,128385
2014-05-08,47550,51100,47400,48300,279590
2014-05-09,47900,48450,47400,48300,66672
2014-05-12,48300,48350,47650,47800,61270
2014-05-13,47800,48700,47800,48400,51311
2014-05-14,48400,49200,48200,48300,71845
2014-05-15,48800,49850,48450,49300,115826
2014-05-16,49300,49850,47800,48150,166445
2014-05-19,47550,47800,44550,45050,329976
2014-05-20,44900,45200,43400,44050,262955
2014-05-21,43700,44400,43650,44050,114256
2014-05-22,44000,44600,44000,44150,72912
2014-05-23,44000,44850,44000,44700,78723
2014-05-26,44300,45400,44200,44950,95979
2014-05-27,44750,44800,43750,44000,223983
2014-05-28,44000,44750,43800,44100,103606
2014-05-29,45550,46250,44700,44750,251143
2014-05-30,45500,45550,44250,44500,123787
2014-06-02,47000,49650,45550,46200,1076916
2014-06-03,46300,46700,44750,45200,286539
2014-06-05,45200,45950,43350,44300,270106
2014-06-09,45050,45800,41050,41650,447608
2014-06-10,41500,42800,41300,41650,327969
2014-06-11,41850,42150,39500,39650,373515
2014-06-12,39850,41950,39000,41700,299427
2014-06-13,42050,42050,40250,40800,146214
2014-06-16,40950,41700,40400,41300,77809
2014-06-17,41300,41650,40800,40800,66009
2014-06-18,40800,41100,39900,40100,75014
2014-06-19,39850,40900,39850,40350,77150
2014-06-20,40650,40700,40000,40000,68231
2014-06-23,40000,40300,38550,38550,163156
2014-06-24,38650,40000,38650,38800,128158
2014-06-25,38800,39600,37900,37950,228004
2014-06-26,38000,38700,37950,38200,90449
2014-06-27,38000,38300,37900,38050,87922
2014-06-30,38300,38600,38100,38100,93506
2014-07-01,37600,38900,36950,38900,423023
2014-07-02,39200,40250,38900,39200,299265
2014-07-03,39250,40000,38050,38150,193949
2014-07-04,38550,39550,38550,39450,162145
2014-07-07,40350,40400,39550,39800,172211
2014-07-08,39550,39650,39100,39400,91287
2014-07-09,39400,39950,39200,39900,98467
2014-07-10,40000,40350,38850,39000,152606
2014-07-11,38700,39250,38150,38200,103187
2014-07-14,38250,38500,37650,37800,96813
2014-07-15,38100,38650,37950,38100,83615
2014-07-16,38100,38300,37150,37350,112239
2014-07-17,37550,37950,37450,37500,69313
2014-07-18,37700,37850,37250,37450,60465
2014-07-21,37600,37950,37500,37700,55202
2014-07-22,37750,39700,37750,38400,174707
2014-07-23,38800,38950,37650,37700,110443
2014-07-24,37750,38000,37500,37550,82629
2014-07-25,37550,37850,37400,37850,40591
2014-07-28,37700,37950,37000,37200,123000
2014-07-29,37050,37200,36150,36150,157422
2014-07-30,36100,36650,36050,36150,76363
2014-07-31,36150,36400,35150,35800,101220
2014-08-01,35200,36950,35200,36950,82838
2014-08-04,37100,38050,36600,38000,102707
2014-08-05,38200,38550,36800,36900,143498
2014-08-06,36900,37600,36900,37000,65837
2014-08-07,37100,37900,37100,37900,99784
2014-08-08,37900,38750,37300,38250,144450
2014-08-11,38200,39200,37450,38050,160940
2014-08-12,38500,40600,38400,40550,301008
2014-08-13,45500,46600,43350,46600,2106359
2014-08-14,46850,48150,45150,46250,1365015
2014-08-18,46600,46800,44550,45200,531247
2014-08-19,45400,46450,44550,44600,716269
2014-08-20,44850,46000,44700,46000,468210
2014-08-21,51600,52800,49800,51100,2149216
2014-08-22,50500,51400,47750,48000,1062988
2014-08-25,48150,48350,46050,46200,656489
2014-08-26,46950,51900,46800,51200,1463631
2014-08-27,51000,51300,48000,49000,768406
2014-08-28,49250,50200,47850,48700,356980
2014-08-29,48500,49650,48450,48700,305389
2014-09-01,49750,51600,49750,50300,582929
2014-09-02,50600,50600,49450,49850,270112
2014-09-03,50400,50700,48550,49300,334730
2014-09-04,50300,51000,49200,49300,358269
2014-09-05,49300,50400,48800,50400,253913
2014-09-11,51200,52400,50400,50600,414116
2014-09-12,51800,53700,50300,51200,1151177
2014-09-15,51900,52900,51000,52100,623964
2014-09-16,54000,55600,53000,53200,1382346
2014-09-17,53400,54100,52300,53500,386689
2014-09-18,53700,54500,52800,54200,391199
2014-09-19,54100,54500,52900,52900,367741
2014-09-22,52400,52700,50700,51500,443708
2014-09-23,51100,51300,49700,51300,328972
2014-09-24,51300,52700,51000,51600,267884
2014-09-25,51900,52500,51000,51600,159136
2014-09-26,51100,51900,50300,51500,190798
2014-09-29,51800,52100,49950,50700,211486
2014-09-30,50100,52000,48800,51500,339643
2014-10-01,51000,51900,49500,49550,248230
2014-10-02,48800,51400,48450,51000,245724
2014-10-06,51000,52000,50400,50600,221818
2014-10-07,50900,52900,50900,52200,396843
2014-10-08,52200,52800,51100,51600,295728
2014-10-10,50900,51700,48650,49500,303341
2014-10-13,49000,49450,44300,45050,441173
2014-10-14,45050,47200,44950,47000,227086
2014-10-15,46500,47600,46050,47100,158862
2014-10-16,47300,47650,45800,46800,204133
2014-10-17,47000,48000,46650,47000,195399
2014-10-20,47450,48700,47250,48200,192189
2014-10-21,48700,48800,47600,48300,137736
2014-10-22,48500,49000,47150,47350,202902
2014-10-23,47350,47550,45600,46000,211189
2014-10-24,46300,46650,45100,45400,205684
2014-10-27,45500,47450,44500,46700,209519
2014-10-28,46650,47100,46200,46500,72321
2014-10-29,47200,47650,46000,46200,152918
2014-10-30,46200,46900,44700,44700,161055
2014-10-31,44700,46100,44450,45400,104364
2014-11-03,45050,45400,43050,44000,161116
2014-11-04,43600,44600,39650,39900,481979
2014-11-05,38700,40900,38300,40300,373962
2014-11-06,39450,40850,38300,38600,298118
2014-11-07,38450,40400,38350,40150,192946
2014-11-10,40300,40700,39850,40150,119272
2014-11-11,40300,44000,40250,43150,378056
2014-11-12,43450,43900,40800,42500,312340
2014-11-13,42900,43400,42350,42700,148275
2014-11-14,43250,43250,42150,42550,133848
2014-11-17,42200,43000,41600,42200,132773
2014-11-18,43100,45900,42700,44700,695467
2014-11-19,45150,45150,44050,44900,225522
2014-11-20,45000,45350,44300,45300,192973
2014-11-21,44950,46200,44550,44700,198358
2014-11-24,45550,45750,43900,45100,177754
2014-11-25,46800,49400,45400,45400,1174157
2014-11-26,45000,46600,44400,46050,259905
2014-11-27,46500,46500,45450,45450,107566
2014-11-28,45000,46250,44950,45950,133236
2014-12-01,45700,46800,45600,46300,165421
2014-12-02,48950,48950,47250,47350,419758
2014-12-03,48100,48850,46950,47300,235711
2014-12-04,47450,48600,47150,47200,257821
2014-12-05,47300,47800,47000,47500,103635
2014-12-08,47300,48050,46450,46450,132351
2014-12-09,46050,47400,46050,46850,110214
2014-12-10,46800,47000,44950,45100,181198
2014-12-11,44350,45200,44000,44550,112158
2014-12-12,45050,45150,44100,44200,71630
2014-12-15,42950,46500,42950,45950,134649
2014-12-16,45700,46400,44500,44600,88350
2014-12-17,45050,45800,43950,45600,120384
2014-12-18,45600,45900,44100,44550,88650
2014-12-19,44900,45500,44550,45300,94646
2014-12-22,45700,45700,44650,44700,66003
2014-12-23,44700,45000,44150,44300,57808
2014-12-24,44000,44600,43750,43850,91426
2014-12-26,44000,44400,43500,43550,83989
2014-12-29,44650,44650,43700,43750,57694
2014-12-30,43850,44800,43750,44200,68323
2015-01-02,44400,45350,44200,45350,94404
2015-01-05,45350,46950,45050,46700,225127
2015-01-06,46050,46700,45700,46150,118248
2015-01-07,46750,48450,46700,47450,292363
2015-01-08,47850,48900,47350,48500,270630
2015-01-09,48900,49550,47900,49050,265528
2015-01-12,49200,49800,48500,49450,190141
2015-01-13,49250,50200,49000,49250,181357
2015-01-14,49400,49600,48150,48350,157871
2015-01-15,48750,50400,48550,49600,239217
2015-01-16,49850,50300,49300,49900,152650
2015-01-19,50800,50900,49950,50200,159724
2015-01-20,50200,50600,49500,49700,129706
2015-01-21,49500,49950,49100,49100,140904
2015-01-22,49500,49650,47550,48500,172738
2015-01-23,48800,49250,48450,48450,136559
2015-01-26,49000,50500,48550,50400,223097
2015-01-27,50800,50900,49200,49500,211975
2015-01-28,49450,49800,48900,49450,136025
2015-01-29,49200,49950,47450,48000,301022
2015-01-30,48350,48350,46700,47500,242888
2015-02-02,47300,47300,46300,46550,172352
2015-02-03,46300,47100,46300,46650,115464
2015-02-04,47000,47000,46250,46650,154744
2015-02-05,46450,47950,45750,47850,228269
2015-02-06,47850,48300,47500,47900,105258
2015-02-09,47600,47850,45950,46100,179042
2015-02-10,46050,46750,45600,46000,76277
2015-02-11,46350,46400,45800,46100,76446
2015-02-12,46100,46600,45950,46100,76181
2015-02-13,46250,46550,45800,45800,82324
2015-02-16,45900,46300,45700,45750,77158
2015-02-17,45650,45750,44750,45200,113908
2015-02-23,45650,46450,45350,46450,95869
2015-02-24,46150,46550,46050,46100,88094
2015-02-25,46200,46750,46000,46500,111826
2015-02-26,46450,46500,45500,45700,113442
2015-02-27,45950,46650,45350,46550,98628
2015-03-02,47800,47900,46850,47450,166901
2015-03-03,47350,47750,46350,46500,117307
2015-03-04,46600,49050,46500,48600,444321
2015-03-05,48600,48700,47700,47850,143348
2015-03-06,48000,48950,47200,48650,221008
2015-03-09,48400,49000,47950,48900,219020
2015-03-10,49300,49450,47350,47350,176965
2015-03-11,46900,47000,46050,46250,134802
2015-03-12,46400,47400,46400,46900,90036
2015-03-13,46350,47400,46300,47300,91670
2015-03-16,46950,47100,45850,46450,191319
2015-03-17,46650,46750,46200,46350,88407
2015-03-18,46600,46600,45650,45650,131664
2015-03-19,45700,46100,45250,45750,98309
2015-03-20,45750,46200,45400,45500,102977
2015-03-23,45550,46800,45550,46700,157121
2015-03-24,46800,47000,46250,46400,67206
2015-03-25,47100,47150,46100,46900,131911
2015-03-26,46650,46800,45850,46050,133058
2015-03-27,46100,46700,45500,46250,220530
2015-03-30,47200,47700,46900,47250,198566
2015-03-31,47500,47500,46700,46750,173067
2015-04-01,47200,48300,46500,46900,281345
2015-04-02,47300,48400,46900,47900,300493
2015-04-03,49350,49500,48450,48800,452578
2015-04-06,49300,50500,49050,49800,301599
2015-04-07,50600,50700,49500,50000,263458
2015-04-08,49950,50100,49450,49500,166042
2015-04-09,49400,49800,48550,49200,190462
2015-04-10,48850,49450,48000,48000,239890
2015-04-13,47800,48450,47450,47700,195379
2015-04-14,47700,50300,47700,49150,460049
2015-04-15,50000,50300,48900,48950,229433
2015-04-16,49000,49100,48000,48200,182509
2015-04-17,48300,48350,47450,47950,204650
2015-04-20,47750,48000,47100,47200,190589
2015-04-21,47450,48000,47200,47350,152650
2015-04-22,48100,48350,44850,46800,306440
2015-04-23,46800,47100,45850,46200,204468
2015-04-24,46550,46850,45750,46650,138493
2015-04-27,47000,48350,46750,48350,183634
2015-04-28,48650,48650,47200,47750,138408
2015-04-29,47750,48150,46750,47000,107719
2015-04-30,47300,47400,46600,47000,83494
2015-05-04,47700,48450,46850,47000,152794
2015-05-06,47000,47250,45700,45750,125557
2015-05-07,45650,46100,44500,45450,144160
2015-05-08,45400,46900,45000,45200,143901
2015-05-11,46050,47750,45600,47450,227088
2015-05-12,47450,48350,47350,47750,266550
2015-05-13,48400,48600,47900,48500,255619
2015-05-14,48500,49750,47850,49650,357276
2015-05-15,49900,51800,49200,51400,630922
2015-05-18,51600,52200,49800,51800,447037
2015-05-19,51800,52000,50700,51800,283777
2015-05-20,52100,52300,50600,51700,381353
2015-05-21,52100,53400,51000,52800,684182
2015-05-22,53200,53200,51000,51800,289672
2015-05-26,51800,52100,50100,50400,257707
2015-05-27,50400,50400,48900,49900,380248
2015-05-28,50000,50900,49600,49950,242656
2015-05-29,50200,50700,49450,49850,214568
2015-06-01,49800,50300,48600,49300,182617
2015-06-02,49100,49100,46150,46900,399571
2015-06-03,46400,47400,45750,46000,205840
2015-06-04,46100,47050,45250,47050,227903
2015-06-05,46300,46800,45850,46250,167650
2015-06-08,46400,46650,45350,46350,128504
2015-06-09,46550,46800,45950,46100,111553
2015-06-10,46450,46450,45150,45500,215757
2015-06-11,45550,46700,45500,45600,159387
2015-06-12,46000,46700,45600,46100,115663
2015-06-15,46000,46150,44600,45450,196308
2015-06-16,45100,46400,43050,46000,293100
2015-06-17,46050,46900,45200,46850,157693
2015-06-18,47000,47200,46350,46350,109423
2015-06-19,46850,46900,45950,46000,86891
2015-06-22,45900,46650,45800,46350,116916
2015-06-23,46700,48800,46600,48550,377117
2015-06-24,48600,48950,47650,48500,148007
2015-06-25,48300,49250,48050,48950,151736
2015-06-26,48600,48800,48050,48250,137716
2015-06-29,47050,47750,46500,46750,155390
2015-06-30,46150,48450,45850,48000,174334
2015-07-01,48350,48750,47750,48000,133832
2015-07-02,48600,48850,47900,48450,136074
2015-07-03,48450,49650,47700,48000,284608
2015-07-06,47050,47750,46500,46500,198569
2015-07-07,46550,47300,46000,46200,128564
2015-07-08,46200,47800,46200,47050,238138
2015-07-09,46300,46750,45000,46250,198826
2015-07-10,46100,46600,45600,45950,103554
2015-07-13,46300,46900,45950,46250,133713
2015-07-14,46550,50100,46550,50000,533611
2015-07-15,50300,50400,48700,49450,335402
2015-07-16,49250,51200,49150,50500,376205
2015-07-17,51300,51700,50200,51400,440946
2015-07-20,51800,52900,51100,52500,484155
2015-07-21,53500,54700,51400,51800,589528
2015-07-22,52300,56400,52200,54600,1420799
2015-07-23,55000,55100,51700,51700,696986
2015-07-24,52200,53400,51500,52600,384800
2015-07-27,52000,53300,50200,50300,300616
2015-07-28,49700,51400,49500,51200,232149
2015-07-29,51800,53400,50800,51900,366283
2015-07-30,52500,53700,51300,51800,295174
2015-07-31,51700,53000,50900,53000,234133
2015-08-03,53500,55600,53100,55300,585015
2015-08-04,55400,56200,54100,55200,398585
2015-08-05,55800,59400,55300,56100,897750
2015-08-06,57100,57200,55400,56000,312523
2015-08-07,55600,56500,54400,55000,267979
2015-08-10,54800,56700,54300,56600,282894
2015-08-11,56900,61900,56700,57700,1467586
2015-08-12,58700,60000,55300,57700,778325
2015-08-13,57800,59700,57300,59500,473880
2015-08-17,58200,60800,58200,59500,618998
2015-08-18,59600,60100,56700,58700,458561
2015-08-19,57700,58300,53100,54500,612031
2015-08-20,53600,56700,53200,54600,304931
2015-08-21,52500,54600,51700,53700,359971
2015-08-24,54200,55000,50800,51400,339366
2015-08-25,52400,56400,51600,55700,357676
2015-08-26,55600,57400,54700,56600,284996
2015-08-27,57400,58500,56800,57900,302508
2015-08-28,58900,59400,57400,58200,207135
2015-08-31,58200,59100,57100,58200,167584
2015-09-01,58100,59400,57100,57100,285944
2015-09-02,56000,59800,55700,59800,356782
2015-09-03,60600,61000,58300,59300,319979
2015-09-04,59300,59300,56800,57000,277161
2015-09-07,57000,59500,56300,59400,276641
2015-09-08,59600,60200,58500,59000,269957
2015-09-09,60000,60300,58200,59200,256211
2015-09-10,58400,60200,57400,59300,316616
2015-09-11,59800,59800,58200,59100,169118
2015-09-14,59300,59500,57200,57200,140851
2015-09-15,57700,58500,55700,56800,206754
2015-09-16,57600,57700,56400,57000,149415
2015-09-17,57900,58200,54100,54500,394739
2015-09-18,55100,56600,54700,56300,191383
2015-09-21,55100,56100,55000,55400,82039
2015-09-22,55600,57000,55300,56100,118038
2015-09-23,55600,56000,53500,53500,243699
2015-09-24,53600,53900,51700,53500,333337
2015-09-25,53500,53500,52000,53500,156391
2015-09-30,52900,52900,51700,52200,138207
2015-10-01,52100,52900,51500,52200,164793
2015-10-02,52200,52900,51500,51600,134350
2015-10-05,52200,53300,51800,53200,191838
2015-10-06,53700,53700,52500,52500,142675
2015-10-07,52400,53000,51000,51400,231076
2015-10-08,52000,52100,50000,50500,208232
2015-10-12,50200,51300,50200,50600,132838
2015-10-13,50500,50500,48100,48800,336282
2015-10-14,48800,48800,47750,48000,177644
2015-10-15,48100,48900,48100,48500,99463
2015-10-16,48750,50100,48750,49500,156024
2015-10-19,49750,50000,48550,48650,138622
2015-10-20,49000,49800,48550,49300,117920
2015-10-21,49550,49650,47950,48000,183369
2015-10-22,48000,48000,45900,46200,278886
2015-10-23,46500,47450,45950,47000,259400
2015-10-26,47350,47900,46700,46800,182557
2015-10-27,46850,48300,46750,47600,198437
2015-10-28,47650,47900,46800,47300,150874
2015-10-29,47400,47750,46050,46250,220641
2015-10-30,45800,46650,45150,45450,210117
2015-11-02,46000,46650,45700,45700,191478
2015-11-03,46000,47800,46000,47650,245820
2015-11-04,48000,48500,47700,48000,184540
2015-11-05,47550,48300,47400,47600,123760
2015-11-06,47500,48600,47100,48250,145458
2015-11-09,48300,49100,46000,46250,225998
2015-11-10,45700,46200,43000,43900,336017
2015-11-11,43900,44400,43600,44350,128187
2015-11-12,44250,44300,43600,43700,82418
2015-11-13,43000,44450,42650,44450,87909
2015-11-16,43050,43500,40100,40550,481890
2015-11-17,40600,41400,40600,41050,183017
2015-11-18,41150,42950,41100,42300,173879
2015-11-19,42300,43100,41950,43000,139467
2015-11-20,43000,43500,42500,43350,97520
2015-11-23,43350,43800,42400,43500,100098
2015-11-24,44150,46250,44150,45200,369444
2015-11-25,46050,46150,44600,45500,215799
2015-11-26,45750,45800,45050,45450,104703
2015-11-27,45800,47050,45700,46800,237342
2015-11-30,47300,47300,46250,46500,145156
2015-12-01,47300,47800,46000,46500,213374
2015-12-02,47500,49150,47100,47550,810495
2015-12-03,48250,48350,46000,46300,267355
2015-12-04,46200,46200,45000,45050,151621
2015-12-07,45000,45750,44000,44000,205621
2015-12-08,43250,44400,42150,42550,228926
2015-12-09,41150,43950,41150,43700,192648
2015-12-10,44000,44000,42400,42400,103538
2015-12-11,42400,43600,42400,42550,89495
2015-12-14,41750,41950,41000,41150,99779
2015-12-15,40750,42200,40500,41700,93973
2015-12-16,42800,43450,42500,43200,87563
2015-12-17,44100,44300,43550,44050,99231
2015-12-18,43700,44750,43450,44550,77334
2015-12-21,44550,44650,43800,44450,59827
2015-12-22,44300,44450,43150,43950,84751
2015-12-23,44000,44100,43050,43150,97285
2015-12-24,43200,43950,42550,42700,55959
2015-12-28,42250,43250,42000,42500,62050
2015-12-29,42100,44350,42100,44300,139035
2015-12-30,44300,44700,43750,44550,59976
2016-01-04,44450,44450,42850,42900,87676
2016-01-05,42300,43600,42200,43050,79097
2016-01-06,43000,43250,42000,42300,94564
2016-01-07,42300,42550,41450,41550,107735
2016-01-08,41600,42350,41550,42050,117062
2016-01-11,41700,42100,41550,41550,70033
2016-01-12,41600,41750,40650,40650,114157
2016-01-13,40800,42300,40800,42000,110484
2016-01-14,41000,41550,41000,41400,87600
2016-01-15,41600,42300,41500,41850,88856
2016-01-18,41500,41750,41050,41650,59101
2016-01-19,42500,42950,42000,42000,109011
2016-01-20,41700,42250,40350,40400,206912
2016-01-21,40600,41550,39750,40700,126460
2016-01-22,40700,42750,40700,42500,223268
2016-01-25,43000,43850,42750,43800,185449
2016-01-26,43500,43800,42850,43750,95625
2016-01-27,43500,44550,43400,44100,133830
2016-01-28,44100,44400,43900,44100,94461
2016-01-29,44450,44450,43600,43800,66477
2016-02-01,44300,44300,42600,43550,124044
2016-02-02,43200,43450,42350,42500,73233
2016-02-03,42200,43000,41400,41800,74706
2016-02-04,41800,42150,41550,41850,88805
2016-02-05,41850,42550,41850,42200,82324
2016-02-11,41400,42150,40900,41000,110267
2016-02-12,41000,41050,37950,39500,251917
2016-02-15,38750,39900,38350,38600,241741
2016-02-16,38700,39150,38600,38850,139141
2016-02-17,38900,39150,36450,37000,288520
2016-02-18,37200,37950,37050,37400,193892
2016-02-19,37150,38850,36900,38450,223953
2016-02-22,38600,38900,38050,38700,102535
2016-02-23,39150,39150,36900,37150,392555
2016-02-24,37200,37850,36850,37000,173431
2016-02-25,37450,37550,37200,37300,86974
2016-02-26,37650,37800,37100,37300,125638
2016-02-29,37350,37650,37050,37100,98748
2016-03-02,37250,37600,37050,37250,131787
2016-03-03,37250,38350,37250,38300,176227
2016-03-04,38450,38450,37850,38000,121951
2016-03-07,38100,38750,38050,38150,144325
2016-03-08,38150,38250,37600,37750,101924
2016-03-09,37750,38250,37600,37850,83809
2016-03-10,38150,38650,37900,38650,138642
2016-03-11,38700,39500,38500,39450,190323
2016-03-14,40000,40350,39800,40250,269135
2016-03-15,40250,40250,39050,39200,170306
2016-03-16,39000,39150,38650,38750,98739
2016-03-17,38950,39250,38600,38900,107562
2016-03-18,39300,39350,39050,39100,76970
2016-03-21,39150,39200,38050,38250,185845
2016-03-22,38300,38550,37900,38200,129589
2016-03-23,38400,38750,38100,38300,84184
2016-03-24,38300,38800,38250,38550,84527
2016-03-25,38850,38850,38200,38400,69895
2016-03-28,38250,38750,38000,38400,92221
2016-03-29,38400,39100,38350,38700,131316
2016-03-30,38900,38900,38500,38800,100991
2016-03-31,39000,39400,38700,39100,127106
2016-04-01,39350,39500,39000,39050,80359
2016-04-04,38900,39300,38700,39300,104288
2016-04-05,39050,39300,38050,38350,128396
2016-04-06,38350,38800,38000,38650,91208
2016-04-07,38500,39500,38400,39500,198806
2016-04-08,39750,39850,39050,39600,113743
2016-04-11,39400,39600,38900,39300,98104
2016-04-12,39750,40400,39400,40300,214245
2016-04-14,40600,40650,39300,39300,158795
2016-04-15,39450,39450,38600,38800,123601
2016-04-18,39700,39950,39100,39650,196171
2016-04-19,40050,42450,40050,42450,666447
2016-04-20,42500,42900,42150,42400,345367
2016-04-21,42650,43100,42300,42650,192661
2016-04-22,43050,43050,42100,42650,164041
2016-04-25,43000,43300,42650,43000,133642
2016-04-26,43400,43400,42200,42200,135276
2016-04-27,42350,42900,41950,42750,115002
2016-04-28,43000,43000,41350,41900,138027
2016-04-29,41400,42850,41400,42800,133684
2016-05-02,42200,42450,40100,40200,376785
2016-05-03,40250,41250,40250,41150,212177
2016-05-04,41100,41100,40050,40450,163152
2016-05-09,40050,40400,39550,39650,131143
2016-05-10,39550,41850,39550,41550,216016
2016-05-11,42000,44050,41100,43700,641052
2016-05-12,43800,44900,43450,44700,507793
2016-05-13,44650,45150,44400,44700,289097
2016-05-16,44500,45000,43550,43950,175686
2016-05-17,43900,44950,43000,44650,264842
2016-05-18,44650,44650,43750,43950,132133
2016-05-19,44000,44400,42750,43000,178348
2016-05-20,43100,45150,43100,44500,343062
2016-05-23,44800,46100,44750,45850,462920
2016-05-24,45900,46250,44100,44650,242725
2016-05-25,44800,46950,44800,46700,391814
2016-05-26,46250,46950,46050,46450,154829
2016-05-27,46450,48000,43100,46050,1287713
2016-05-30,46600,46950,44750,45050,473329
2016-05-31,45400,45850,44900,45600,221623
2016-06-01,45050,46150,44300,45800,269551
2016-06-02,45900,46000,44800,45600,170183
2016-06-03,45800,45800,44100,44500,205333
2016-06-07,44500,44550,43100,43850,235566
2016-06-08,43900,43950,43000,43150,160374
2016-06-09,43400,43650,42700,42700,155726
2016-06-10,42900,43800,42250,43400,116548
2016-06-13,43450,43450,41950,42050,123667
2016-06-14,41650,42550,41350,42450,113224
2016-06-15,42050,42500,41100,41550,123602
2016-06-16,41350,42550,41350,41950,121922
2016-06-17,42000,42450,41350,41750,99516
2016-06-20,41750,42100,41450,42100,117190
2016-06-21,42250,42250,41250,41700,83012
2016-06-22,41950,42200,41500,41550,71551
2016-06-23,41300,41600,40250,40750,133757
2016-06-24,40850,41150,38000,38150,405759
2016-06-27,37000,39700,37000,39100,178280
2016-06-28,38700,39800,38500,39250,109072
2016-06-29,39400,40150,39400,39850,75055
2016-06-30,40200,40600,39650,40150,84101
2016-07-01,40400,40400,40000,40200,62452
2016-07-04,40200,40350,39600,39750,67234
2016-07-05,40050,40050,39400,39500,73527
2016-07-06,39250,40200,39050,40150,81994
2016-07-07,40150,40550,39550,39850,123009
2016-07-08,40100,40350,38500,39250,108798
2016-07-11,39150,39200,38450,38800,107690
2016-07-12,39100,39750,39100,39150,84828
2016-07-13,39350,39900,39200,39400,79229
2016-07-14,39750,39750,38700,38950,81948
2016-07-15,39300,39750,39100,39200,75246
2016-07-18,39300,39400,38550,38950,75529
2016-07-19,38950,39500,38950,39050,65033
2016-07-20,39050,39500,38650,39250,56093
2016-07-21,39500,39650,38750,39000,86717
2016-07-22,39000,39150,38200,38500,162767
2016-07-25,38550,38850,38350,38550,96302
2016-07-26,38550,38600,37800,37950,105890
2016-07-27,38250,38450,37900,38400,80502
2016-07-28,38700,38800,38300,38500,58338
2016-07-29,38600,38750,38100,38100,84819
2016-08-01,38400,38600,37000,37050,161881
2016-08-02,36100,36500,33750,34100,799488
2016-08-03,33800,34550,33750,33850,354627
2016-08-04,33850,34550,33750,33800,322072
2016-08-05,33400,33700,32000,32250,567713
2016-08-08,32250,32900,31800,32700,691720
2016-08-09,33300,34150,33300,34000,411166
2016-08-10,34350,35500,34250,35400,330780
2016-08-11,35500,35500,33850,34100,417632
2016-08-12,34350,34750,33750,34150,252864
2016-08-16,33900,34350,33800,33850,164622
2016-08-17,33600,33850,32800,33500,206719
2016-08-18,33300,34200,33250,33800,149790
2016-08-19,34300,34450,33550,33550,114471
2016-08-22,33750,33950,33150,33200,102750
2016-08-23,33550,33700,32850,32950,120367
2016-08-24,33000,33150,32300,32500,183373
2016-08-25,32450,32700,32100,32250,149101
2016-08-26,32050,32900,32050,32750,91179
2016-08-29,33000,33400,31300,31750,279080
2016-08-30,31500,31750,30450,30850,449561
2016-08-31,30800,31750,30350,31750,213721
2016-09-01,31750,32950,31450,32900,226204
2016-09-02,32850,33300,32450,32850,143230
2016-09-05,33200,33550,32350,32950,182109
2016-09-06,33100,33400,32850,32950,133169
2016-09-07,33000,33200,32100,32150,136099
2016-09-08,32000,32700,31500,32150,134974
2016-09-09,32100,32100,31600,31800,69517
2016-09-12,31000,31700,31000,31150,86322
2016-09-13,31200,31450,31100,31400,64868
2016-09-19,31100,31400,30950,31400,59698
2016-09-20,31400,32150,31150,32150,91470
2016-09-21,32200,33200,32050,33150,179004
2016-09-22,33350,33700,33000,33500,166219
2016-09-23,33550,33700,33100,33150,78353
2016-09-26,33300,33350,32750,32900,48211
2016-09-27,32600,32850,32300,32850,65872
2016-09-28,32800,33150,32550,32850,48140
2016-09-29,32750,33300,32750,33150,60775
2016-09-30,32850,33150,32100,32150,109699
2016-10-04,32150,32750,32000,32550,57876
2016-10-05,32600,32750,32250,32450,45295
2016-10-06,32500,33150,32500,33050,80593
2016-10-07,33200,33250,32400,32400,75709
2016-10-10,32100,32600,32100,32250,44564
2016-10-11,32250,32600,32200,32600,67147
2016-10-12,32400,32700,32300,32600,67847
2016-10-13,32750,32800,32200,32200,62179
2016-10-14,32250,32400,31900,31950,45459
2016-10-17,32000,32000,31000,31250,111460
2016-10-18,31100,31450,31050,31050,40194
2016-10-19,31100,31300,30950,31200,51362
2016-10-20,31450,31450,31000,31050,51077
2016-10-21,30950,31200,30950,31000,36462
2016-10-24,30800,31100,30600,31000,54124
2016-10-25,30750,31000,30000,30250,125518
2016-10-26,29900,30050,28700,29250,206813
2016-10-27,29050,30000,29050,29900,105793
2016-10-28,29950,30000,29200,29500,74353
2016-10-31,29300,29850,29100,29300,73434
2016-11-01,28700,29500,28700,29000,52721
2016-11-02,28750,29050,27950,28000,125581
2016-11-03,27500,28200,27350,27800,126848
2016-11-04,27550,27600,27200,27350,144459
2016-11-07,27350,27800,27300,27550,99271
2016-11-08,27600,27900,27450,27850,75569
2016-11-09,27850,28450,26700,27350,211929
2016-11-10,28450,29600,28350,28700,250593
2016-11-11,28500,29100,27800,27950,140412
2016-11-14,28250,29450,28200,28850,144023
2016-11-15,28600,28850,28400,28550,63638
2016-11-16,28400,28600,28300,28600,67888
2016-11-17,28600,29300,28550,28950,114904
2016-11-18,28750,28750,28200,28250,75583
2016-11-21,27350,27350,25800,26300,322523
2016-11-22,26400,26700,26050,26400,94964
2016-11-23,26300,26500,26100,26300,56133
2016-11-24,26100,26400,25350,25400,145057
2016-11-25,25200,26150,25200,26050,61897
2016-11-28,26050,27400,26050,27400,107366
2016-11-29,27300,28250,26750,28100,138484
2016-11-30,28100,28100,26850,27050,104696
2016-12-01,27050,27300,26650,27000,65710
2016-12-02,26850,27250,26750,27200,47370
2016-12-05,26800,27050,26300,26450,42806
2016-12-06,26500,27150,26500,26950,52227
2016-12-07,27700,28100,27000,27600,105259
2016-12-08,27600,28250,27600,27900,89678
2016-12-09,27900,29000,27900,28900,155011
2016-12-12,29300,29350,28150,28600,128133
2016-12-13,28650,29000,28400,28600,100074
2016-12-14,28850,28850,28400,28550,50906
2016-12-15,28500,28750,28250,28650,49911
2016-12-16,28650,28750,28300,28600,43290
2016-12-19,28400,28550,28100,28550,35302
2016-12-20,28350,28700,28350,28450,49331
2016-12-21,28450,28750,28300,28600,38444
2016-12-22,28550,28600,27950,28050,63096
2016-12-23,28000,28500,27950,28300,41483
2016-12-26,28500,28750,28200,28350,37934
2016-12-27,28100,28550,28050,28400,38291
2016-12-28,28400,28500,28000,28250,37615
2016-12-29,28050,28500,28050,28350,31726
2017-01-02,27750,27900,27100,27450,67305
2017-01-03,27450,27600,27150,27500,46329
2017-01-04,27500,27700,27250,27300,46616
2017-01-05,27500,29200,27450,28800,197380
2017-01-06,28900,28900,28250,28400,73583
2017-01-09,28250,28400,27650,27650,54962
2017-01-10,27500,27650,27350,27450,51999
2017-01-11,27300,27650,27300,27450,39180
2017-01-12,27500,27550,27150,27200,49922
2017-01-13,27200,27700,27050,27200,48551
2017-01-16,27200,27350,26800,26850,48050
2017-01-17,26850,27400,26850,26950,45853
2017-01-18,27300,27300,26900,27050,25022
2017-01-19,27200,27600,27000,27500,63410
2017-01-20,27300,27750,27300,27350,40470
2017-01-23,27350,27350,26850,26900,44933
2017-01-24,26800,27100,26550,26550,37036
2017-01-25,26750,26750,25900,26100,58058
2017-01-26,25800,26450,25800,26150,60475
2017-01-31,26150,26500,26150,26200,35651
2017-02-01,26150,27500,26150,27500,73818
2017-02-02,27800,27800,27100,27100,53474
2017-02-03,27100,27600,26700,27000,46969
2017-02-06,26700,27200,26500,26750,56586
2017-02-07,26450,27000,26450,26850,44406
2017-02-08,26850,27050,26400,26550,43425
2017-02-09,26500,26800,26400,26500,42994
2017-02-10,26750,27150,26450,27000,48122
2017-02-13,27200,27750,27100,27500,63490
2017-02-14,27500,27750,27350,27750,50831
2017-02-15,27750,28400,27700,28000,122915
2017-02-16,28400,28550,28000,28300,87807
2017-02-17,28300,28500,28000,28000,52963
2017-02-20,27950,28000,27550,27650,40713
2017-02-21,27400,28100,27400,28000,31410
2017-02-22,28300,28300,27800,27850,48837
2017-02-23,27500,27550,26950,27450,107186
2017-02-24,27400,28400,27150,28100,142118
2017-02-27,28350,28350,27650,27650,80461
2017-02-28,27600,27600,26950,27000,85601
2017-03-02,26900,26900,26350,26350,82194
2017-03-03,26350,26350,25300,25450,163063
2017-03-06,25000,25400,24650,25200,72707
2017-03-07,24850,25450,24850,25200,85229
2017-03-08,25000,25500,25000,25450,52652
2017-03-09,25450,27300,25450,27100,241056
2017-03-10,27100,27750,26700,27000,106179
2017-03-13,27100,27450,26900,26950,47232
2017-03-14,26950,27300,26900,26950,54658
2017-03-15,27200,27250,26800,26950,42343
2017-03-16,26950,28300,26950,28100,216052
2017-03-17,28100,29100,27650,29000,516501
2017-03-20,30200,30700,28500,28500,906374
2017-03-21,28600,29150,28300,28350,159525
2017-03-22,28400,28900,28350,28650,106574
2017-03-23,28600,29050,28550,28850,79048
2017-03-24,28700,29150,28550,28950,78218
2017-03-27,28850,29200,28800,29000,74505
2017-03-28,29200,29350,28800,28850,62572
2017-03-29,29100,29100,28500,28750,55488
2017-03-30,28550,29000,28500,28650,52062
2017-03-31,28700,29250,28600,29200,86257
2017-04-03,29200,29650,29100,29500,96758
2017-04-04,29700,29700,29150,29300,70128
2017-04-05,29450,29550,29000,29300,77400
2017-04-06,29450,29450,28950,29100,46276
2017-04-07,29100,29400,29000,29000,45199
2017-04-10,28800,28950,27850,27900,133905
2017-04-11,27800,28450,27600,27800,83369
2017-04-12,27750,27950,27550,27950,54024
2017-04-13,28250,28550,27950,28050,66634
2017-04-14,27850,28050,27750,27850,46670
2017-04-17,28250,28850,28250,28700,129732
2017-04-18,29350,29900,29100,29900,221696
2017-04-19,30050,30100,29650,29900,141325
2017-04-20,29700,30800,29700,30700,255216
2017-04-21,31300,31300,30700,31000,185698
2017-04-24,31300,31600,30750,31150,201671
2017-04-25,30950,31000,30250,30700,146715
2017-04-26,30750,31050,30500,30750,93234
2017-04-27,30800,31050,30250,30550,79029
2017-04-28,30500,30850,30100,30200,91890
2017-05-02,30500,31150,30450,31100,122228
2017-05-04,31150,31750,31050,31750,140814
2017-05-08,32100,33050,32100,33000,313502
2017-05-10,33250,33300,32250,32650,178104
2017-05-11,32750,34100,31800,34000,375499
2017-05-12,33950,33950,33000,33500,253180
2017-05-15,33500,34800,33050,34350,359915
2017-05-16,34700,35050,34250,34550,238590
2017-05-17,34900,36000,34800,35650,363657
2017-05-18,35600,36150,35100,36150,226376
2017-05-19,36450,36450,35700,35850,153125
2017-05-22,35850,36050,34750,35000,238375
2017-05-23,34900,35400,34500,34950,145134
2017-05-24,34950,35350,34750,35050,124061
2017-05-25,35100,35150,34000,34100,213177
2017-05-26,34400,34900,34300,34550,98356
2017-05-29,34550,34700,33850,34250,96819
2017-05-30,34500,34750,34300,34450,81783
2017-05-31,34700,34700,34000,34600,97056
2017-06-01,34950,34950,32200,33000,247102
2017-06-02,32850,34050,32550,33350,323183
2017-06-05,33750,33750,32900,33450,102469
2017-06-07,33000,33100,32500,32600,219408
2017-06-08,32300,33400,32300,33150,150577
2017-06-09,33700,33750,33050,33500,143263
2017-06-12,33300,33500,32200,32550,171118
2017-06-13,32200,32550,31700,32200,188492
2017-06-14,32300,32550,32050,32300,79213
2017-06-15,32400,32650,32000,32050,95156
2017-06-16,32000,32200,31750,31950,70212
2017-06-19,32150,32150,31600,31650,66808
2017-06-20,31500,31650,30800,31000,129096
2017-06-21,30700,31000,30600,30950,67662
2017-06-22,31200,31250,30800,30800,65144
2017-06-23,30550,31900,30550,31750,98579
2017-06-26,32400,32400,31600,31700,91749
2017-06-27,32000,32000,31600,31650,51333
2017-06-28,31500,31550,31000,31000,61828
2017-06-29,30950,31600,30850,31100,52191
2017-06-30,30950,31650,30950,31500,43501
2017-07-03,32250,32450,31600,31900,107846
2017-07-04,32300,32300,31100,31500,59231
2017-07-05,31400,31850,31000,31050,59465
2017-07-06,31400,31500,30700,31200,48102
2017-07-07,31150,31600,30750,31600,47006
2017-07-10,31600,31700,30600,30750,63428
2017-07-11,30300,31100,30250,30500,63235
2017-07-12,30750,30800,30100,30150,56535
2017-07-13,30050,30500,30000,30150,56286
2017-07-14,30100,30350,29250,29550,98108
2017-07-17,29550,30200,29500,30000,70658
2017-07-18,30050,30550,30000,30300,60325
2017-07-19,30100,30900,30100,30800,76237
2017-07-20,31000,31050,30600,30650,59106
2017-07-21,30500,30850,30100,30300,55296
2017-07-24,30300,30700,30100,30700,39321
2017-07-25,30800,30800,30350,30400,36846
2017-07-26,30450,30700,30350,30650,44413
2017-07-27,30650,31600,30600,31500,147850
2017-07-28,31550,31650,30700,30700,92069
2017-07-31,30100,30300,29350,29500,165331
2017-08-01,29450,29850,29400,29750,82133
2017-08-02,29950,30000,29350,29450,57250
2017-08-03,29450,29500,28450,28550,116177
2017-08-04,28550,29050,28400,28450,74924
2017-08-07,28800,29050,28500,28550,49727
2017-08-08,28600,28900,28450,28700,29475
2017-08-09,28700,28700,28050,28050,68070
2017-08-10,28050,28350,27850,27900,52451
2017-08-11,27500,28500,27500,27900,57415
2017-08-14,27650,28200,27450,27600,55774
2017-08-16,27650,27900,27350,27550,60082
2017-08-17,27600,28200,27400,28200,44095
2017-08-18,28100,28100,27500,27800,55687
2017-08-21,27800,27800,27500,27600,51162
2017-08-22,27500,27750,27400,27450,38489
2017-08-23,27700,27700,27350,27400,37215
2017-08-24,27350,28200,27350,27650,64294
2017-08-25,27900,28250,27700,27850,52668
2017-08-28,27850,28000,27700,27800,56900
2017-08-29,27700,27800,27500,27700,39130
2017-08-30,27700,27900,27500,27500,48025
2017-08-31,27500,27700,27350,27500,66160
2017-09-01,27500,27600,27300,27500,40276
2017-09-04,27000,27200,26650,26950,74052
2017-09-05,26950,27150,26500,26850,51988
2017-09-06,26850,27100,26750,26950,45059
2017-09-07,26950,27100,26850,27000,38090
2017-09-08,27000,27050,26300,26350,92932
2017-09-11,26250,26400,26000,26200,73648
2017-09-12,26100,27100,26100,26900,86977
2017-09-13,27000,27150,26250,26400,75670
2017-09-14,26200,26700,26200,26500,49522
2017-09-15,26500,26700,26250,26600,66299
2017-09-18,26450,26700,26400,26650,52534
2017-09-19,26700,27200,26350,26400,75833
2017-09-20,26600,26600,26100,26100,55665
2017-09-21,26100,26150,25650,25700,67450
2017-09-22,25650,25650,25000,25100,98585
2017-09-25,24900,25250,24750,24850,76225
2017-09-26,24550,25650,24550,25100,56883
2017-09-27,25500,25500,25150,25250,37715
2017-09-28,25400,27400,25400,27250,183348
2017-09-29,27000,27750,26800,27200,95080
2017-10-10,27200,27550,26600,27050,56362
2017-10-11,27100,27500,26700,27400,63202
2017-10-12,27400,27400,26850,26850,60904
2017-10-13,26800,27500,26050,27050,146453
2017-10-16,27100,28000,26850,28000,161784
2017-10-17,28150,28450,27700,28000,166486
2017-10-18,27950,28000,27300,27550,118608
2017-10-19,27900,27900,27550,27600,61030
2017-10-20,27600,27600,27200,27450,59431
2017-10-23,27450,28800,27450,28400,182199
2017-10-24,28400,29000,28150,28800,163970
2017-10-25,28900,29050,28600,28800,88662
2017-10-26,28800,30300,28750,30050,340781
2017-10-27,31000,31000,29500,30000,218336
2017-10-30,30700,30750,30050,30050,143026
2017-10-31,30400,30450,29550,29900,149636
2017-11-01,30200,30400,29500,29600,107725
2017-11-02,29600,29900,29100,29350,71950
2017-11-03,29450,30000,29450,29800,81931
2017-11-06,30150,30800,29850,30750,213357
2017-11-07,30950,30950,30150,30700,130691
2017-11-08,30650,30650,30250,30400,67672
2017-11-09,30700,30700,30100,30150,80656
2017-11-10,30250,30550,30050,30300,62614
2017-11-13,30450,32250,30450,32150,533190
2017-11-14,32500,33600,32200,32950,457804
2017-11-15,33000,33700,32550,33250,382129
2017-11-16,33500,33800,32900,33350,208444
2017-11-17,33350,33550,32300,32650,199452
2017-11-20,32650,33150,32150,32650,140685
2017-11-21,32600,32650,31500,31650,239486
2017-11-22,31550,32000,31100,31800,142942
2017-11-23,32050,32650,31800,32250,156367
2017-11-24,32350,32650,31850,32350,125930
2017-11-27,32350,32400,31850,31950,119335
2017-11-28,31950,32200,31250,31300,130086
2017-11-29,31300,31750,30850,31300,137017
2017-11-30,31100,31500,30500,30650,91493
2017-12-01,30850,31050,30450,31000,76476
2017-12-04,31000,31200,30300,30500,101759
2017-12-05,30350,30750,30050,30600,81976
2017-12-06,30700,30700,30050,30100,94786
2017-12-07,30050,30300,29300,29650,148853
2017-12-08,29500,30050,29500,29600,76977
2017-12-11,29600,30750,29600,30750,112873
2017-12-12,30750,30800,29450,29550,135302
2017-12-13,29750,30150,29550,30000,109910
2017-12-14,30000,30000,29450,29550,153113
2017-12-15,30000,30000,29400,29650,79544
2017-12-18,29850,31100,29700,30300,263121
2017-12-19,30300,30300,29500,29750,117003
2017-12-20,29550,29700,29050,29100,88181
2017-12-21,28850,29300,28600,28750,64822
2017-12-22,28550,29850,28100,29800,111751
2017-12-26,29500,29950,29150,29700,101385
2017-12-27,29400,29650,28650,29150,112053
2017-12-28,29250,29300,28800,28850,65099
2018-01-02,28900,29000,28500,28600,83191
2018-01-03,28600,28850,28100,28200,125545
2018-01-04,28200,28350,27250,27300,164833
2018-01-05,27350,27750,27300,27600,66652
2018-01-08,27650,27650,26850,27000,175715
2018-01-09,27000,27850,27000,27350,132907
2018-01-10,27300,28400,27000,28250,165858
2018-01-11,28350,28350,27800,27800,104856
2018-01-12,27900,28100,27200,27550,126406
2018-01-15,27300,28250,27200,28150,104514
2018-01-16,28200,28900,27950,28350,134657
2018-01-17,28250,29350,28150,29350,234490
2018-01-18,29600,29650,28800,29350,156882
2018-01-19,29950,29950,29300,29600,211142
2018-01-22,29950,30400,29750,29800,202425
2018-01-23,29800,30050,29400,30000,121666
2018-01-24,30100,30100,29700,29950,91532
2018-01-25,29900,29950,29250,29500,113569
2018-01-26,29600,29850,29500,29750,123268
2018-01-29,29850,31300,29800,30850,375155
2018-01-30,30500,30750,30000,30000,200757
2018-01-31,29700,29800,29150,29600,125571
2018-02-01,29500,30200,29500,30050,113749
2018-02-02,30200,30200,29300,29750,108502
2018-02-05,29000,29500,28750,28950,114590
2018-02-06,28650,29000,26850,29000,296439
2018-02-07,29100,29500,28700,28950,193580
2018-02-08,28750,29900,28750,29300,211246
2018-02-09,28350,28850,28000,28500,107928
2018-02-12,28850,29000,28050,28100,70690
2018-02-13,28050,28300,27650,27650,75539
2018-02-14,27650,27950,27200,27800,87710
2018-02-19,28000,28700,27950,28550,96454
2018-02-20,28400,28650,27650,28300,79748
2018-02-21,28200,28750,28000,28700,71048
2018-02-22,28650,28750,28250,28700,53369
2018-02-23,28400,28500,27550,27950,148495
2018-02-26,27900,28250,27600,27800,80013
2018-02-27,27700,27950,27600,27650,42132
2018-02-28,27650,27700,27000,27150,100432
2018-03-02,26950,27300,26750,27250,63405
2018-03-05,27800,27800,27300,27550,57275
2018-03-06,27500,27850,27500,27700,58985
2018-03-07,27800,27900,27200,27300,57381
2018-03-08,27450,27600,27050,27050,52826
2018-03-09,27400,28600,27250,28050,130708
2018-03-12,28500,29450,28300,29450,183249
2018-03-13,29450,30150,28950,30000,179394
2018-03-14,30000,30100,29250,29450,94115
2018-03-15,29450,30400,29350,30150,210443
2018-03-16,30150,30300,29700,30150,98757
2018-03-19,30150,30900,29800,29850,193571
2018-03-20,30000,30100,29050,30000,97985
2018-03-21,29650,29900,29500,29650,66501
2018-03-22,29850,29950,29550,29650,87296
2018-03-23,28750,29900,28200,28200,122357
2018-03-26,28650,29550,28550,29500,110935
2018-03-27,29600,29900,29050,29700,90280
2018-03-28,29600,31700,29300,31100,592988
2018-03-29,31250,31550,30800,31150,181104
2018-03-30,31300,31300,30800,30800,114290
2018-04-02,31350,32650,31250,32050,476510
2018-04-03,32050,32750,31700,32400,238284
2018-04-04,32450,32450,30350,30900,255279
2018-04-05,31100,31300,30100,30150,147718
2018-04-06,30150,30800,29550,29850,154638
2018-04-09,30150,30800,30050,30550,120177
2018-04-10,30900,31300,30100,31150,155253
2018-04-11,31400,31500,30500,30750,101051
2018-04-12,30800,31150,29850,29850,138078
2018-04-13,30250,31000,30150,30650,96802
2018-04-16,30700,31250,30700,31250,115942
2018-04-17,31250,31450,30600,30850,105383
2018-04-18,31200,31200,30450,30450,94762
2018-04-19,30650,31150,30150,30300,155510
2018-04-20,30300,30600,30050,30300,92777
2018-04-23,30450,31050,30250,30450,84197
2018-04-24,30450,30600,29800,29850,96448
2018-04-25,29700,30150,29500,30100,66016
2018-04-26,30100,30100,29600,29950,72205
2018-04-27,30200,30250,28950,29100,115504
2018-04-30,29050,29850,28750,29300,112005
2018-05-02,29500,29700,28550,28600,133260
2018-05-03,28400,28800,28250,28300,102420
2018-05-04,28300,28750,27850,27850,116035
2018-05-08,28300,28300,27200,27200,118875
2018-05-09,27350,27950,26700,27950,165762
2018-05-10,27600,27900,26800,27050,168947
2018-05-11,27000,27450,26900,27350,121659
2018-05-14,27050,27650,26900,27350,159285
2018-05-15,27450,27900,27350,27750,158503
2018-05-16,27700,27700,27000,27150,91264
2018-05-17,27150,27350,27050,27350,71807
2018-05-18,27400,27550,27100,27350,59684
2018-05-21,27150,27750,27150,27500,66998
2018-05-23,27300,28050,27200,27900,85635
2018-05-24,27900,27900,27500,27650,66914
2018-05-25,27650,27650,27100,27350,83825
2018-05-28,27550,27850,27300,27400,86822
2018-05-29,27300,29350,27200,28550,321445
2018-05-30,28700,29150,27950,28350,175318
2018-05-31,28350,29000,28000,29000,131779
2018-06-01,29000,29050,28250,28400,107747
2018-06-04,28450,29200,28350,28650,141432
2018-06-05,28650,29000,28050,28400,98738
2018-06-07,28400,28800,28300,28300,65484
2018-06-08,28200,28400,27800,28250,82200
2018-06-11,28300,28950,28300,28850,99810
2018-06-12,28700,30700,28700,30700,470734
2018-06-14,30500,31650,30500,31050,431088
2018-06-15,31150,31500,30850,31250,226464
2018-06-18,32250,33700,32150,33000,1081167
2018-06-19,33200,33400,31800,32150,383886
2018-06-20,32150,34200,31850,34050,655436
2018-06-21,34200,36950,34100,36400,1338654
2018-06-22,36550,36600,35450,36250,509277
2018-06-25,37200,38300,35600,36250,764816
2018-06-26,36000,38400,35750,37200,733335
2018-06-27,38000,38050,36550,36750,414353
2018-06-28,36350,37200,36000,36500,263089
2018-06-29,36850,37000,35300,36250,356793
2018-07-02,36200,37450,35550,35950,416807
2018-07-03,36850,38200,36200,38100,689792
2018-07-04,38050,38700,37350,37800,305088
2018-07-05,37800,38000,36200,36850,267248
2018-07-06,36650,37500,36350,37450,261478
2018-07-09,37600,39750,37450,39750,585578
2018-07-10,39750,39950,38600,39100,430495
2018-07-11,38600,39500,38500,38750,247622
2018-07-12,38750,40950,38250,40450,542928
2018-07-13,40250,42050,40250,41350,407951
2018-07-16,41450,42050,40550,41750,303189
2018-07-17,41600,41600,39100,39100,589384
2018-07-18,39600,40350,37400,37850,514620
2018-07-19,38000,38200,36100,37100,642351
2018-07-20,37200,37750,36200,37150,369228
2018-07-23,37150,37200,34950,35400,626851
2018-07-24,35550,36250,35150,35400,242709
2018-07-25,35500,35550,33800,35050,462351
2018-07-26,35500,36750,34850,36600,371726
2018-07-27,36450,36850,35600,35950,232598
2018-07-30,36100,36150,33900,34000,445305
2018-07-31,33850,34000,32600,33300,556252
2018-08-01,33350,35100,33300,34950,412931
2018-08-02,34700,35200,33650,34350,186080
2018-08-03,34500,35050,34100,34500,141297
2018-08-06,34550,34800,33550,33650,99005
2018-08-07,33900,35150,33150,35000,290852
2018-08-08,34800,35850,34750,35000,254422
2018-08-09,35050,35550,34050,34850,219838
2018-08-10,34850,35250,34200,35000,148026
2018-08-13,35350,35500,34050,34100,236888
2018-08-14,34450,35750,34200,35450,295745
2018-08-16,35100,38050,34350,37950,511806
2018-08-17,38200,38700,36950,37050,469718
2018-08-20,37000,38000,35650,36050,407208
2018-08-21,36100,38750,36100,38300,524447
2018-08-22,38150,39500,37500,38900,383765
2018-08-23,38650,39900,37200,38200,607153
2018-08-24,37650,40500,37550,40050,484832
2018-08-27,40000,42000,39800,41800,482432
2018-08-28,42000,42650,39300,39600,613854
2018-08-29,39800,41150,39550,40850,408318
2018-08-30,40850,42000,40800,41950,277742
2018-08-31,41400,43000,41050,42900,494924
2018-09-03,42950,43200,41350,42600,331957
2018-09-04,42750,43950,42250,43250,364832
2018-09-05,43050,43550,42600,43000,186187
2018-09-06,43000,43350,41900,42550,288294
2018-09-07,42850,43600,42700,42950,265841
2018-09-10,42800,43400,41300,41550,333067
2018-09-11,41250,42750,41250,42000,159597
2018-09-12,42500,44400,42200,42600,399124
2018-09-13,42600,43300,41900,43300,202165
2018-09-14,43200,43750,42500,43600,159852
2018-09-17,43600,43650,42100,43250,192210
2018-09-18,42900,43150,42200,42700,117000
2018-09-19,43000,44100,42450,43400,130817
2018-09-20,43150,43650,42500,43600,135566
2018-09-21,43300,44450,43300,44000,158486
2018-09-27,44200,44300,43450,44200,122456
2018-09-28,44200,44350,43650,44200,113508
2018-10-01,44500,46700,44500,46700,443210
2018-10-02,47000,47450,43950,44650,391051
2018-10-04,44750,44750,42550,44650,292510
2018-10-05,44650,45000,42700,43200,275456
2018-10-08,43000,43950,40250,41200,372531
2018-10-10,41350,42200,39600,42150,413449
2018-10-11,41400,41900,39000,39650,424811
2018-10-12,39400,41450,39350,40800,256131
2018-10-15,40500,41850,39900,40300,165332
2018-10-16,40350,42300,40350,42300,187836
2018-10-17,42050,42500,38700,39450,1553667
2018-10-18,39650,40150,39150,40000,652646
2018-10-19,39500,41700,39350,41200,400491
2018-10-22,41000,42150,40550,41750,226492
2018-10-23,41750,43750,40700,42700,490990
2018-10-24,43900,44000,36450,37050,1200094
2018-10-25,36550,38850,35750,38000,500560
2018-10-26,38900,38950,35250,36600,409608
2018-10-29,38050,38050,35450,35950,295405
2018-10-30,35500,38000,33800,38000,289948
2018-10-31,38000,38050,36500,36850,192938
2018-11-01,37000,38400,36500,37300,254854
2018-11-02,37550,39200,37450,38950,321153
2018-11-05,38650,38650,37250,37550,273593
2018-11-06,37950,37950,36050,36850,215089
2018-11-07,36850,37000,34700,35500,361530
2018-11-08,36150,36150,34800,35700,270601
2018-11-09,35700,36450,35100,36200,196642
2018-11-12,36800,38750,36300,38250,424496
2018-11-13,38300,40200,36000,39850,594671
2018-11-14,39850,42350,39150,41300,495421
2018-11-15,41450,43500,41450,42300,460834
2018-11-16,42500,42700,41000,41550,315131
2018-11-19,41550,41550,40200,40500,289212
2018-11-20,39800,42350,39650,41050,388802
2018-11-21,40850,41400,39000,40900,252059
2018-11-22,41050,41050,39200,39650,281608
2018-11-23,39250,40050,39050,39150,148803
2018-11-26,39250,42300,39200,41950,489586
2018-11-27,42550,43200,41600,42850,302698
2018-11-28,42950,43800,42450,43200,145672
2018-11-29,44000,44000,42100,43000,208332
2018-11-30,43500,43750,42450,43400,154717
2018-12-03,44000,44000,42700,43650,170204
2018-12-04,43500,45350,43050,45300,253628
2018-12-05,44500,45600,44100,44500,234357
2018-12-06,45050,45050,41950,43200,531047
2018-12-07,43600,44150,42500,43950,192194
2018-12-10,43400,44900,42900,44050,173074
2018-12-11,44400,45750,43900,45200,259254
2018-12-12,45200,45700,44450,45550,143556
2018-12-13,45700,45800,44950,45600,235136
2018-12-14,45800,46700,44400,44750,309166
2018-12-17,45100,45100,42150,43500,350092
2018-12-18,42200,43750,42200,43200,175159
2018-12-19,43200,46800,42600,46400,417193
2018-12-20,46000,46850,45400,46000,240631
2018-12-21,45800,46850,45500,46650,225096
2018-12-24,46700,48700,46100,47250,400464
2018-12-26,46450,49000,46450,48950,482555
2018-12-27,49150,49300,47550,48700,321447
2018-12-28,48550,48900,46650,47500,336363
2019-01-02,47050,47450,45650,45900,284860
2019-01-03,46200,46750,45450,45550,195936
2019-01-04,45650,48900,45450,48900,393319
2019-01-07,49250,50800,47950,48400,407252
2019-01-08,48800,49100,47550,48400,170711
2019-01-09,48800,48800,46850,47300,294914
2019-01-10,47250,48300,46750,48200,226132
2019-01-11,48400,48400,46000,46450,286793
2019-01-14,46600,47300,45800,46700,240978
2019-01-15,46950,48700,46050,48350,399849
2019-01-16,48550,48600,47400,47600,159574
2019-01-17,47350,47750,44050,44700,573187
2019-01-18,44550,45200,43500,44600,341114
2019-01-21,44950,44950,42400,42800,543780
2019-01-22,42800,43600,41800,43600,262644
2019-01-23,43300,43300,41450,42200,419638
2019-01-24,42600,43600,41950,43100,378242
2019-01-25,42950,43450,42300,42500,263678
2019-01-28,42350,42550,41600,42250,222464
2019-01-29,42050,42600,40850,41400,279992
2019-01-30,41400,41850,40400,40800,395715
2019-01-31,41200,44100,40750,43500,658091
2019-02-01,43750,43900,42900,43450,204921
2019-02-07,43800,46700,43050,45800,489989
2019-02-08,45700,47200,45500,46050,260974
2019-02-11,47000,47450,45600,45600,168087
2019-02-12,45350,45900,44450,44900,177802
2019-02-13,45400,45450,44150,44600,197358
2019-02-14,44300,44800,43200,44450,218672
2019-02-15,44600,45150,44150,44800,211677
2019-02-18,45000,45050,43000,43300,329250
2019-02-19,43300,43300,42600,43050,254451
2019-02-20,43050,44400,42750,44250,338324
2019-02-21,44350,47300,44350,46900,844770
2019-02-22,47250,47700,45850,46500,315185
2019-02-25,46500,48100,46500,47500,290961
2019-02-26,47400,47900,43350,45400,868919
2019-02-27,44800,45350,43800,44800,308453
2019-02-28,44650,44650,41600,42050,708168
2019-03-04,42650,42650,40650,41450,500198
2019-03-05,41050,42350,40550,40800,408210
2019-03-06,40650,41950,40550,41700,447739
2019-03-07,41550,42200,40450,40750,263310
2019-03-08,40500,43350,40350,43250,500865
2019-03-11,41950,42300,36500,37150,1916552
2019-03-12,37350,38700,35250,35900,1671684
2019-03-13,36050,38250,35750,37750,1342536
2019-03-14,37650,37950,36350,37150,759639
2019-03-15,36250,36400,35150,35700,697145
2019-03-18,35150,36600,35150,36500,447328
2019-03-19,36600,36700,35950,36150,250826
2019-03-20,36100,36300,35400,36000,271985
2019-03-21,33900,35800,33200,35400,1445174
2019-03-22,35000,35900,34750,35150,424265
2019-03-25,34800,37050,34700,35500,821259
2019-03-26,36150,37300,35050,36600,540483
2019-03-27,36650,37100,35750,36150,341750
2019-03-28,36200,36750,35850,36150,248866
2019-03-29,36300,37750,36050,37700,359187
2019-04-01,38250,38300,36650,37050,398076
2019-04-02,37000,37550,36550,36650,292254
2019-04-03,37000,38000,36800,37850,331875
2019-04-04,37850,38700,37350,38050,318817
2019-04-05,38500,39000,37550,37750,471262
2019-04-08,38500,39450,38000,38700,589651
2019-04-09,38950,38950,37500,38200,471355
2019-04-10,38150,38450,37500,37650,227211
2019-04-11,38050,38250,37600,38050,253027
2019-04-12,37700,38150,37600,37700,205802
2019-04-15,38100,38100,36800,37300,341071
2019-04-16,37900,38600,37450,37600,357941
2019-04-17,37900,38100,37300,37950,193402
2019-04-18,38150,38200,37000,37100,196250
2019-04-19,37000,37500,36500,36550,186919
2019-04-22,36750,38000,36750,37200,323966
2019-04-23,37450,37800,37300,37400,140719
2019-04-24,37350,37350,36450,36800,228158
2019-04-25,36400,36650,35500,35700,289724
2019-04-26,35450,36150,35100,35100,225338
2019-04-29,35200,35600,34900,35150,129759
2019-04-30,35000,36200,35000,36000,257448
2019-05-02,36000,36200,35450,36200,120895
2019-05-03,36000,36100,35600,35800,110497
2019-05-07,35500,35900,35050,35100,178395
2019-05-08,34850,35650,34800,35200,167556
2019-05-09,35000,35250,33650,33700,259903
2019-05-10,33700,34700,33200,33950,215454
2019-05-13,33450,34450,33450,33550,129005
2019-05-14,32350,33650,31500,33400,507272
2019-05-15,33600,34900,32700,34750,216207
2019-05-16,35050,35400,34400,35200,226058
2019-05-17,35300,35550,34650,34800,135015
2019-05-20,34850,36200,34850,35850,246794
2019-05-21,36200,36200,34150,34600,224159
2019-05-22,34600,34850,34200,34400,55659
2019-05-23,34500,34650,33450,33750,113189
2019-05-24,33250,34100,32800,32800,136329
2019-05-27,31850,32000,28300,28700,1298806
2019-05-28,29150,29850,28800,29100,592395
2019-05-29,28800,29500,28600,29300,268654
2019-05-30,29350,30950,29250,30300,374103
2019-05-31,30500,30800,29800,30600,184477
2019-06-03,30500,31900,30450,31900,261867
2019-06-04,31950,32150,31000,31800,175391
2019-06-05,32200,32200,31150,31900,156184
2019-06-07,31700,32450,31700,32250,177601
2019-06-10,32250,32750,32000,32700,127293
2019-06-11,32600,33850,32400,33300,171477
2019-06-12,33100,33800,31750,31950,404476
2019-06-13,31650,32450,30650,31250,580675
2019-06-14,30250,30500,29100,29500,917786
2019-06-17,30400,30800,28700,28950,730640
2019-06-18,29050,29050,28050,28300,466637
2019-06-19,28300,29100,28300,29000,295630
2019-06-20,29150,29450,28550,29400,216916
2019-06-21,29200,29400,28900,29200,180031
2019-06-24,29050,29250,27950,28250,376486
2019-06-25,28000,28950,27950,28750,301930
2019-06-26,28650,29000,28350,28400,162770
2019-06-27,28400,29500,28400,29150,348781
2019-06-28,29300,29550,28650,28950,237268
2019-07-01,29100,29400,28400,28500,233660
2019-07-02,28250,29800,28200,29000,384554
2019-07-03,29300,29300,28350,28550,264976
2019-07-04,28550,29150,28500,28850,131863
2019-07-05,29000,29200,28600,29050,126249
2019-07-08,28800,29300,27600,27950,260711
2019-07-09,27850,28700,27700,27700,184764
2019-07-10,27750,29150,27750,28600,287805
2019-07-11,28600,29850,28600,29850,290271
2019-07-12,29500,29800,28350,28500,397232
2019-07-15,28800,28800,28000,28150,188563
2019-07-16,28150,28400,27900,28250,147086
2019-07-17,28100,28150,27450,27550,166749
2019-07-18,26950,27450,25750,27000,462908
2019-07-19,27000,28300,27000,27800,216773
2019-07-22,28000,28000,27200,27750,82836
2019-07-23,27750,28200,27300,27350,137128
2019-07-24,27350,27700,27150,27150,125235
2019-07-25,26900,27100,26350,26550,136106
2019-07-26,26000,26500,25150,25250,326307
2019-07-29,25000,25500,24300,24350,283671
2019-07-30,24300,25500,24300,25250,212539
2019-07-31,24800,25350,24350,25000,148721
2019-08-01,24600,25600,24450,24800,134212
2019-08-02,24150,25350,24150,24800,99501
2019-08-05,24500,24700,22300,22300,289040
2019-08-06,21150,24000,21150,22500,427754
2019-08-07,22500,23750,22500,23450,175381
2019-08-08,23500,26000,23350,26000,232391
2019-08-09,25000,25050,23050,23150,483862
2019-08-12,22900,23400,22500,23050,127546
2019-08-13,22100,22600,21200,22150,375401
2019-08-14,22400,22600,21250,21400,302913
2019-08-16,20950,21250,20400,21000,241257
2019-08-19,20900,21650,20600,21400,217041
2019-08-20,21150,21550,21100,21350,141306
2019-08-21,21350,22500,21200,22450,230229
2019-08-22,22450,22450,21400,21600,301137
2019-08-23,21400,21650,21000,21250,143441
2019-08-26,20600,20850,19300,19450,527359
2019-08-27,19600,20300,19550,20000,223649
2019-08-28,19950,20900,19900,20800,171287
2019-08-29,20800,21150,20600,20750,134345
2019-08-30,21150,21650,21000,21200,147455
2019-09-02,20850,22200,20850,21900,194960
2019-09-03,21800,22450,21700,21750,140789
2019-09-04,21950,22350,21550,22200,113154
2019-09-05,22450,22550,21900,22300,106122
2019-09-06,22400,22650,21850,21850,70760
2019-09-09,22100,22350,21850,22150,108343
2019-09-10,22150,22750,22100,22600,175239
2019-09-11,22550,23500,22400,23500,230595
2019-09-16,23050,23250,22500,23000,155178
2019-09-17,23050,23200,22450,22750,119104
2019-09-18,22800,23350,22600,22750,117321
2019-09-19,22800,23100,22400,22550,107572
2019-09-20,22600,27550,22250,24200,2022021
2019-09-23,24400,24950,24150,24500,433756
2019-09-24,24500,24700,23700,23750,249813
2019-09-25,23500,23700,22550,22700,226677
2019-09-26,22850,24300,22850,23700,327291
2019-09-27,24000,24450,23750,23900,195906
2019-09-30,24100,24200,22850,23050,236607
2019-10-01,23200,24200,22800,24200,215461
2019-10-02,23600,23850,23200,23200,235928
2019-10-04,23250,23250,22450,22850,181631
2019-10-07,23000,23700,22850,23400,194442
2019-10-08,23400,23900,22900,23800,148848
2019-10-10,23550,23700,23000,23550,150525
2019-10-11,23800,25200,23650,23950,474910
2019-10-14,24350,25850,24150,25650,558471
2019-10-15,25600,26700,25350,26000,425303
2019-10-16,26150,26500,25750,25800,169610
2019-10-17,26150,26300,24800,25250,221089
2019-10-18,25200,25200,24350,24750,218737
2019-10-21,24850,25450,24400,24900,243871
2019-10-22,25100,26550,24850,26400,513743
2019-10-23,26700,26800,25850,26350,326506
2019-10-24,26450,26750,25800,26400,203440
2019-10-25,26450,26550,25550,25850,188961
2019-10-28,26200,26700,25900,26000,302018
2019-10-29,26000,26100,25500,25700,216804
2019-10-30,25900,26900,25700,26750,491262
2019-10-31,27000,27000,26400,26750,290557
2019-11-01,26900,27500,26650,26900,361597
2019-11-04,26900,27300,26800,27050,166356
2019-11-05,27150,27150,26500,26900,154367
2019-11-06,26900,27050,26300,26500,193562
2019-11-07,26200,26900,26150,26650,132801
2019-11-08,26700,26800,24700,25400,499115
2019-11-11,24900,26100,24850,26050,199545
2019-11-12,25900,26200,25400,26150,142238
2019-11-13,25900,26400,25500,25550,125815
2019-11-14,25600,25700,24850,25400,156877
2019-11-15,25400,25550,25000,25400,99995
2019-11-18,25550,25850,25200,25450,97726
2019-11-19,25400,25600,24750,24850,144043
2019-11-20,25050,25100,23950,24300,161294
2019-11-21,24150,24500,23350,23800,158884
2019-11-22,23800,24450,23800,24050,101893
2019-11-25,24400,25100,24200,24950,150776
2019-11-26,25350,25350,24600,25150,101890
2019-11-27,25300,25300,24650,24950,72173
2019-11-28,24950,25100,24550,24600,67522
2019-11-29,24600,27000,24300,24850,705130
2019-12-02,24850,25500,24750,24800,116471
2019-12-03,24650,24750,23750,24300,165865
2019-12-04,24250,24800,24100,24400,89504
2019-12-05,24200,24800,24200,24400,80400
2019-12-06,24600,25750,24050,25500,200115
2019-12-09,25700,26250,24800,25100,196271
2019-12-10,25100,26000,25000,25550,156763
2019-12-11,25500,26000,25350,25350,88349
2019-12-12,25350,25900,25250,25450,144774
2019-12-13,25700,26400,25700,26250,168192
2019-12-16,26300,26300,25400,25900,127645
2019-12-17,26100,26400,25800,26200,82943
2019-12-18,26150,26450,25850,26200,99819
2019-12-19,26200,26550,25800,26150,93434
2019-12-20,26400,26400,25950,26100,55552
2019-12-23,26300,26350,25850,26150,75549
2019-12-24,26100,26400,25900,26000,87561
2019-12-26,26000,26500,26000,26500,122516
2019-12-27,26350,26800,26050,26750,108407
2019-12-30,26200,27700,26200,27350,357012
2020-01-02,27250,27700,26500,27500,224040
2020-01-03,27600,28800,26600,28400,563162
2020-01-06,28400,30500,28000,30000,1141917
2020-01-07,30500,31200,29500,30750,634303
2020-01-08,30750,30950,29400,30550,457119
2020-01-09,31200,32250,30800,32050,500618
2020-01-10,32050,32050,31050,31750,219049
2020-01-13,32350,34850,32200,34700,1145821
2020-01-14,35100,36750,34450,35000,568891
2020-01-15,35100,35950,34500,35800,288280
2020-01-16,35750,35750,34600,35150,323680
2020-01-17,35100,35300,34350,34950,241874
2020-01-20,34950,35600,34300,34450,266582
2020-01-21,34350,34550,33100,33300,359966
2020-01-22,33200,34500,33100,33950,231387
2020-01-23,33000,33950,32900,33300,235061
2020-01-28,30500,32300,28000,31300,752471
2020-01-29,31300,33150,31300,32750,300269
2020-01-30,32750,33250,31900,32550,237379
2020-01-31,33000,33350,31600,31600,242343
2020-02-03,30400,34250,30400,33950,454352
2020-02-04,33650,35050,33250,34200,261373
2020-02-05,34250,34700,33400,33500,175969
2020-02-06,33950,34350,33000,33650,193934
2020-02-07,33800,34550,33250,33900,143567
2020-02-10,33300,33300,32650,32650,164585
2020-02-11,32650,33200,31850,32000,248802
2020-02-12,32200,32900,32050,32700,160443
2020-02-13,32850,33500,32400,33200,242917
2020-02-14,33200,33250,32450,32650,114880
2020-02-17,32650,34950,32000,34600,424372
2020-02-18,34700,35350,33950,34050,259913
2020-02-19,34100,34650,33150,33900,151941
2020-02-20,33750,33750,32700,32900,195634
2020-02-21,32500,32650,31050,31050,298120
2020-02-24,30100,31400,29400,30050,402842
2020-02-25,30050,31100,29800,30600,222417
2020-02-26,30200,32450,29900,31750,277212
2020-02-27,32000,33750,31500,32000,448357
2020-02-28,31600,32050,30000,30300,295035
2020-03-02,30550,31300,29300,30900,307466
2020-03-03,31450,31900,29650,29950,393072
2020-03-04,29800,30300,29050,29700,416340
2020-03-05,30000,30050,29000,29100,305440
2020-03-06,28100,28850,25950,26450,1036503
2020-03-09,25600,25750,24700,25100,542646
2020-03-10,24600,25750,24400,25300,334610
2020-03-11,25350,26550,24900,25150,571946
2020-03-12,25050,25050,22700,23250,528861
2020-03-13,21100,24000,20500,22700,482022
2020-03-16,23000,23750,21750,22200,278885
2020-03-17,20700,22850,20700,22400,254009
2020-03-18,22450,23200,21000,21000,310288
2020-03-19,21650,22300,18950,19550,442647
2020-03-20,19650,21450,19350,21350,278436
2020-03-23,19900,20100,19000,19450,263535
2020-03-24,19900,21800,19450,21400,276303
2020-03-25,22100,24650,21900,24650,443802
2020-03-26,25350,26900,24300,24650,491865
2020-03-27,25850,25900,23550,24400,324990
2020-03-30,23300,24000,22650,23800,231466
2020-03-31,24050,24300,23250,24050,300035
2020-04-01,23900,24650,23100,23100,259274
2020-04-02,23300,24100,22850,24100,143869
2020-04-03,24100,24150,23250,23650,163565
2020-04-06,23900,25000,23500,25000,249158
2020-04-07,25650,26000,24700,25300,210131
2020-04-08,25050,26900,24800,26250,387566
2020-04-09,27000,27050,26100,26550,207071
2020-04-10,26550,28900,26100,28900,708254
2020-04-13,28900,29800,28000,28000,477031
2020-04-14,28600,29100,27900,28900,245061
2020-04-16,29550,30800,29300,30550,582642
2020-04-17,31300,31400,29800,30850,430579
2020-04-20,30950,30950,29600,29600,423534
2020-04-21,29150,29150,27950,28700,491120
2020-04-22,28000,29250,27800,29250,239240
2020-04-23,29300,29450,28800,29150,138419
2020-04-24,28900,28900,27750,28050,206180
2020-04-27,28350,29100,28000,28850,194223
2020-04-28,28850,30500,28450,29550,386562
2020-04-29,29600,30000,29000,29650,201966
2020-05-04,28750,30300,28700,29850,290853
2020-05-06,30750,30900,30000,30600,248094
2020-05-07,30600,30950,30150,30950,190531
2020-05-08,31500,31550,30400,30600,300049
2020-05-11,30100,30650,29800,30050,214296
2020-05-12,29900,30000,29100,29400,197160
2020-05-13,28800,30700,28450,30650,230315
2020-05-14,30150,31500,30050,30500,372099
2020-05-15,31350,31350,29400,29500,293884
2020-05-18,29600,30650,29300,30450,205493
2020-05-19,31350,33200,30850,33200,1140274
2020-05-20,32800,33600,31950,33500,490496
2020-05-21,33600,33600,32650,32900,254561
2020-05-22,32800,32800,31200,31500,322670
2020-05-25,31300,31750,30700,31400,240654
2020-05-26,31500,32150,31000,32100,239713
2020-05-27,32400,32950,31900,32150,277635
2020-05-28,32300,32450,30200,30300,393929
2020-05-29,30500,30750,29500,29600,277530
2020-06-01,30650,31850,30100,30450,686615
2020-06-02,30150,30600,29900,30250,288120
2020-06-03,30500,30950,30150,30450,270425
2020-06-04,30500,30600,29850,30050,344012
2020-06-05,30000,30250,29600,29900,291327
2020-06-08,30250,31900,30100,31850,613440
2020-06-09,31900,32000,31250,31850,364557
2020-06-10,31850,32450,31500,31950,310168
2020-06-11,32250,32750,31800,32000,393610
2020-06-12,30100,30850,29650,30400,411432
2020-06-15,30150,30600,28550,28550,414211
2020-06-16,29400,30400,29100,29750,261867
2020-06-17,29550,30200,29050,29700,200588
2020-06-18,29500,29850,29250,29600,144399
2020-06-19,29750,30000,29150,29800,156447
2020-06-22,30000,30850,29850,30450,253957
2020-06-23,30600,31400,30000,31200,341798
2020-06-24,31500,31550,30950,31500,254978
2020-06-25,31200,32800,30800,32500,676127
2020-06-26,33100,34400,31950,33850,842622
2020-06-29,35250,41000,35000,37000,4349566
2020-06-30,37450,42750,35550,37250,5841435
2020-07-01,37900,38550,35550,35600,1038657
2020-07-02,35600,40750,35450,39450,3682110
2020-07-03,39100,40500,38150,38750,1391222
2020-07-06,39350,39850,38350,39200,584828
2020-07-07,38850,39000,37800,38600,544592
2020-07-08,38800,40600,38700,40400,1408159
2020-07-09,40750,41750,39400,39600,719118
2020-07-10,39650,39800,36700,38350,775502
2020-07-13,38700,39250,37500,38250,408220
2020-07-14,37800,39000,37550,38750,383678
2020-07-15,39000,39250,37250,37450,406235
2020-07-16,37650,38250,37200,38000,271934
2020-07-17,38350,39850,37550,39650,536336
2020-07-20,39850,40600,39100,40000,451172
2020-07-21,40700,40700,38950,39000,385836
2020-07-22,39000,39100,38050,38350,261924
2020-07-23,38150,39650,37650,38850,347345
2020-07-24,38500,39150,37650,38300,254186
2020-07-27,37950,39100,37600,38700,204312
2020-07-28,38750,39400,38450,38950,279046
2020-07-29,39150,40500,38550,40400,568401
2020-07-30,40550,40550,39300,39450,417804
2020-07-31,39600,41200,39250,40700,473782
2020-08-03,41500,43200,41150,42650,1057129
2020-08-04,42800,43800,42000,42950,451082
2020-08-05,43000,45000,42500,45000,602603
2020-08-06,45000,46000,44200,45050,447910
2020-08-07,44950,45350,43750,43950,426223
