년/월/일,종가,대비,등락률(%),시가,고가,저가,거래량(천주),거래대금(원),상장시가총액(원)
2019-01-02,"1,197.02",-18.04,-1.48,"1,221.64","1,223.47","1,193.77","111,212","4,392,187,016,841","1,271,537,073,075,890"
2019-01-03,"1,183.92",-13.1,-1.09,"1,197.28","1,198.39","1,182.21","140,974","5,271,465,102,896","1,259,769,230,098,850"
2019-01-04,"1,194.23",10.31,0.87,"1,182.99","1,195.02","1,177.32","131,221","5,400,552,677,598","1,271,921,188,776,450"
2019-01-07,"1,210.80",16.57,1.39,"1,209.54","1,218.32","1,207.02","129,403","5,006,245,974,595","1,288,743,714,959,950"
2019-01-08,"1,202.29",-8.51,-0.7,"1,209.71","1,214.66","1,201.08","156,253","5,020,631,465,141","1,280,259,471,913,860"
2019-01-09,"1,228.73",26.44,2.2,"1,208.47","1,230.85","1,208.17","141,195","5,469,229,150,886","1,305,753,928,477,990"
2019-01-10,"1,229.01",0.28,0.02,"1,229.30","1,234.35","1,224.29","138,689","5,413,585,549,430","1,305,390,332,608,100"
2019-01-11,"1,235.80",6.79,0.55,"1,233.67","1,237.97","1,228.83","116,867","4,314,073,789,013","1,312,569,402,777,990"
2019-01-14,"1,225.33",-10.47,-0.85,"1,231.73","1,233.44","1,222.17","106,935","4,259,534,590,933","1,303,192,409,806,090"
2019-01-15,"1,247.19",21.86,1.78,"1,228.31","1,247.47","1,227.12","121,071","4,641,693,969,234","1,323,963,728,188,520"
2019-01-16,"1,252.60",5.41,0.43,"1,247.61","1,252.88","1,242.80","119,049","4,528,666,029,505","1,328,630,131,019,770"
2019-01-17,"1,253.46",0.86,0.07,"1,254.59","1,260.63","1,250.52","144,403","5,306,273,463,275","1,327,955,672,658,290"
2019-01-18,"1,263.47",10.01,0.8,"1,258.97","1,263.53","1,257.15","123,830","4,703,403,382,027","1,339,174,563,446,490"
2019-01-21,"1,263.09",-0.38,-0.03,"1,268.30","1,268.89","1,255.84","127,369","4,796,531,294,513","1,337,941,966,866,340"
2019-01-22,"1,257.97",-5.12,-0.41,"1,263.81","1,265.98","1,252.18","98,356","4,051,413,483,110","1,334,038,577,432,870"
2019-01-23,"1,262.41",4.44,0.35,"1,251.48","1,265.36","1,250.11","116,194","4,752,324,226,229","1,339,765,402,594,340"
2019-01-24,"1,276.05",13.64,1.08,"1,263.67","1,276.16","1,262.22","147,422","5,511,301,071,798","1,351,618,354,129,300"
2019-01-25,"1,298.19",22.14,1.74,"1,279.03","1,298.62","1,277.99","150,106","6,392,506,667,623","1,372,933,720,899,720"
2019-01-28,"1,298.89",0.7,0.05,"1,302.22","1,306.91","1,293.33","163,760","5,819,494,357,222","1,373,473,073,454,440"
2019-01-29,"1,304.32",5.43,0.42,"1,296.16","1,304.32","1,289.05","147,370","5,508,865,992,093","1,377,773,414,897,370"
2019-01-30,"1,320.33",16.01,1.23,"1,303.80","1,320.38","1,301.17","167,770","6,096,303,853,044","1,392,621,411,083,320"
2019-01-31,"1,318.11",-2.22,-0.17,"1,330.57","1,331.11","1,318.09","189,638","7,203,043,002,376","1,391,654,534,071,750"
2019-02-01,"1,317.93",-0.18,-0.01,"1,323.32","1,328.68","1,316.39","207,358","6,517,318,128,765","1,390,334,620,325,840"
2019-02-07,"1,319.08",1.15,0.09,"1,325.65","1,326.67","1,315.00","179,888","6,074,282,945,387","1,391,780,554,004,240"
2019-02-08,"1,300.75",-18.33,-1.39,"1,310.76","1,311.93","1,298.05","148,869","5,351,083,946,076","1,374,413,753,566,770"
2019-02-11,"1,303.69",2.94,0.23,"1,302.22","1,304.05","1,294.60","125,461","4,902,104,445,428","1,377,597,678,037,240"
2019-02-12,"1,309.84",6.15,0.47,"1,304.15","1,312.82","1,301.18","143,980","5,698,898,428,908","1,383,055,083,703,520"
2019-02-13,"1,316.72",6.88,0.53,"1,316.49","1,318.67","1,313.14","133,573","5,119,260,999,544","1,390,652,221,291,700"
2019-02-14,"1,332.48",15.76,1.2,"1,313.82","1,332.48","1,307.60","164,279","6,141,532,845,223","1,406,028,488,334,170"
2019-02-15,"1,312.40",-20.08,-1.51,"1,322.83","1,322.83","1,306.91","127,650","5,075,299,529,867","1,386,939,309,842,900"
2019-02-18,"1,321.23",8.83,0.67,"1,320.02","1,326.45","1,315.78","111,900","4,538,534,326,355","1,396,676,658,662,340"
2019-02-19,"1,317.94",-3.29,-0.25,"1,319.18","1,323.06","1,309.37","111,397","4,609,059,544,566","1,393,836,928,290,070"
2019-02-20,"1,333.19",15.25,1.16,"1,325.06","1,336.80","1,323.39","144,894","5,626,373,314,655","1,409,973,976,965,200"
2019-02-21,"1,333.02",-0.17,-0.01,"1,329.35","1,337.25","1,322.66","131,168","5,194,084,672,743","1,409,054,766,355,730"
2019-02-22,"1,333.92",0.9,0.07,"1,328.15","1,333.92","1,324.46","108,526","4,201,954,478,649","1,409,859,707,232,480"
2019-02-25,"1,336.02",2.1,0.16,"1,340.21","1,340.73","1,330.86","112,279","4,654,840,291,985","1,412,012,084,261,570"
2019-02-26,"1,331.42",-4.6,-0.34,"1,334.29","1,337.36","1,327.62","129,178","4,913,838,975,827","1,407,928,655,967,790"
2019-02-27,"1,335.69",4.27,0.32,"1,335.69","1,338.13","1,331.95","114,854","4,995,290,049,908","1,413,220,519,678,380"
2019-02-28,"1,312.51",-23.18,-1.74,"1,333.15","1,335.57","1,312.51","205,986","8,170,373,811,856","1,390,214,405,813,090"
2019-03-04,"1,309.99",-2.52,-0.19,"1,323.62","1,326.51","1,308.45","172,329","6,681,781,834,197","1,387,931,310,597,210"
2019-03-05,"1,301.31",-8.68,-0.66,"1,305.17","1,307.93","1,297.14","139,935","5,303,816,897,281","1,380,319,908,979,420"
2019-03-06,"1,298.15",-3.16,-0.24,"1,300.04","1,300.81","1,292.78","119,925","4,855,224,140,079","1,377,250,459,467,970"
2019-03-07,"1,292.62",-5.53,-0.43,"1,295.67","1,303.45","1,286.14","124,915","4,927,322,712,471","1,370,378,522,048,070"
2019-03-08,"1,275.51",-17.11,-1.32,"1,284.73","1,288.81","1,275.51","112,080","4,428,099,398,215","1,352,822,569,726,100"
2019-03-11,"1,277.42",1.91,0.15,"1,278.40","1,281.93","1,269.72","107,349","4,291,317,801,336","1,354,250,216,601,920"
2019-03-12,"1,291.30",13.88,1.09,"1,288.48","1,294.49","1,287.20","119,931","4,993,562,838,260","1,368,102,393,361,240"
2019-03-13,"1,283.86",-7.44,-0.58,"1,287.94","1,289.51","1,275.53","109,495","4,585,460,066,691","1,361,975,399,110,080"
2019-03-14,"1,285.46",1.6,0.12,"1,287.75","1,290.75","1,278.53","147,880","5,993,703,429,167","1,363,969,390,409,370"
2019-03-15,"1,298.06",12.6,0.98,"1,284.62","1,301.32","1,284.15","182,275","6,994,656,010,956","1,376,970,657,238,490"
2019-03-18,"1,298.58",0.52,0.04,"1,300.11","1,302.77","1,293.73","96,336","3,960,277,837,759","1,378,257,866,243,660"
2019-03-19,"1,296.67",-1.91,-0.15,"1,300.87","1,301.17","1,293.84","85,749","3,600,363,413,730","1,376,136,550,439,670"
2019-03-20,"1,297.62",0.95,0.07,"1,293.12","1,298.21","1,281.35","96,702","3,906,639,566,381","1,376,159,736,914,720"
2019-03-21,"1,306.58",8.96,0.69,"1,302.73","1,315.99","1,298.83","141,063","6,144,073,153,551","1,381,270,843,048,320"
2019-03-22,"1,309.98",3.4,0.26,"1,313.73","1,315.82","1,304.98","181,461","7,015,504,215,478","1,382,768,577,746,940"
2019-03-25,"1,283.26",-26.72,-2.04,"1,291.22","1,291.64","1,282.03","123,215","4,178,793,011,669","1,355,272,428,448,310"
2019-03-26,"1,285.19",1.93,0.15,"1,288.14","1,288.55","1,281.18","116,212","3,988,066,336,239","1,358,252,985,996,980"
2019-03-27,"1,281.73",-3.46,-0.27,"1,283.08","1,287.09","1,272.77","117,259","4,170,472,553,778","1,354,165,933,515,970"
2019-03-28,"1,271.42",-10.31,-0.8,"1,271.88","1,277.02","1,266.43","123,103","4,080,051,900,002","1,343,507,180,312,370"
2019-03-29,"1,279.71",8.29,0.65,"1,277.52","1,281.73","1,268.09","140,647","5,005,497,280,807","1,352,415,727,559,820"
2019-04-01,"1,296.45",16.74,1.31,"1,288.07","1,299.20","1,288.07","114,919","4,212,591,809,073","1,369,716,100,454,430"
2019-04-02,"1,302.64",6.19,0.48,"1,302.86","1,305.84","1,299.73","109,276","4,202,589,656,439","1,375,563,294,377,160"
2019-04-03,"1,320.50",17.86,1.37,"1,303.58","1,320.50","1,300.45","125,966","5,382,762,409,602","1,393,114,572,153,300"
2019-04-04,"1,322.53",2.03,0.15,"1,318.95","1,329.37","1,316.99","115,070","4,546,156,251,994","1,394,673,021,681,470"
2019-04-05,"1,323.86",1.33,0.1,"1,321.86","1,328.46","1,320.71","100,198","3,656,361,455,702","1,395,660,150,039,000"
2019-04-08,"1,323.05",-0.81,-0.06,"1,328.95","1,329.17","1,317.19","106,407","4,173,639,750,820","1,395,640,486,839,500"
2019-04-09,"1,324.67",1.62,0.12,"1,323.83","1,330.26","1,317.96","116,268","4,597,321,582,151","1,397,734,113,273,930"
2019-04-10,"1,330.43",5.76,0.43,"1,319.12","1,330.73","1,317.42","116,381","4,654,194,925,940","1,403,391,216,416,290"
2019-04-11,"1,329.56",-0.87,-0.07,"1,332.43","1,334.62","1,324.57","166,103","5,511,531,662,884","1,402,942,353,104,400"
2019-04-12,"1,334.00",4.44,0.33,"1,327.01","1,334.56","1,322.06","183,655","5,029,454,619,155","1,407,585,855,116,490"
2019-04-15,"1,338.53",4.53,0.34,"1,339.56","1,344.47","1,337.58","170,141","5,988,473,066,445","1,413,413,763,046,470"
2019-04-16,"1,344.02",5.49,0.41,"1,337.96","1,344.62","1,335.48","254,185","5,938,278,763,742","1,418,228,585,407,100"
2019-04-17,"1,341.78",-2.24,-0.17,"1,344.39","1,346.50","1,340.10","126,776","4,621,762,520,145","1,416,358,535,277,310"
2019-04-18,"1,320.18",-21.6,-1.61,"1,343.87","1,344.98","1,317.97","132,070","5,247,188,190,697","1,394,864,520,970,750"
2019-04-19,"1,322.25",2.07,0.16,"1,326.58","1,328.26","1,321.39","100,054","3,711,978,209,485","1,397,277,654,075,270"
2019-04-22,"1,322.24",-0.01,0,"1,323.43","1,330.27","1,316.13","113,711","3,600,461,176,697","1,397,372,567,157,010"
2019-04-23,"1,324.86",2.62,0.2,"1,322.39","1,326.67","1,319.62","113,867","3,842,947,529,572","1,400,125,822,341,960"
2019-04-24,"1,312.59",-12.27,-0.93,"1,331.03","1,331.04","1,304.89","146,536","5,336,484,190,312","1,388,482,728,633,700"
2019-04-25,"1,307.94",-4.65,-0.35,"1,308.89","1,314.36","1,304.35","127,365","4,653,960,343,790","1,381,329,959,388,480"
2019-04-26,"1,300.65",-7.29,-0.56,"1,299.27","1,305.80","1,293.50","117,163","4,366,250,763,652","1,373,934,852,061,790"
2019-04-29,"1,325.01",24.36,1.87,"1,303.75","1,325.01","1,302.85","101,592","3,840,594,978,603","1,398,085,306,895,470"
2019-04-30,"1,317.85",-7.16,-0.54,"1,322.68","1,324.12","1,306.69","121,508","4,450,653,893,533","1,390,067,537,874,680"
2019-05-02,"1,322.64",4.79,0.36,"1,310.91","1,325.96","1,309.95","118,113","4,348,935,561,132","1,395,132,816,599,050"
2019-05-03,"1,312.66",-9.98,-0.75,"1,320.64","1,322.21","1,309.98","117,338","4,014,845,880,220","1,384,804,073,258,770"
2019-05-07,"1,301.39",-11.27,-0.86,"1,299.34","1,303.73","1,290.81","136,955","4,545,349,319,236","1,372,172,103,048,540"
2019-05-08,"1,295.17",-6.22,-0.48,"1,285.66","1,303.45","1,285.64","111,612","4,209,919,661,833","1,365,268,191,564,310"
2019-05-09,"1,254.07",-41.1,-3.17,"1,289.73","1,293.29","1,254.07","185,867","7,051,533,140,342","1,322,938,795,934,930"
2019-05-10,"1,258.00",3.93,0.31,"1,264.20","1,268.75","1,246.78","133,413","5,252,480,258,651","1,326,500,877,619,820"
2019-05-13,"1,241.28",-16.72,-1.33,"1,248.21","1,255.80","1,240.91","104,613","3,882,188,570,111","1,307,388,416,307,680"
2019-05-14,"1,240.91",-0.37,-0.03,"1,228.40","1,249.46","1,226.46","123,956","4,794,251,600,491","1,308,348,623,271,360"
2019-05-15,"1,247.64",6.73,0.54,"1,241.04","1,253.09","1,237.20","110,207","4,189,268,234,516","1,315,828,233,625,960"
2019-05-16,"1,231.06",-16.58,-1.33,"1,248.94","1,249.76","1,227.98","120,549","4,404,078,468,963","1,299,023,394,484,430"
2019-05-17,"1,223.51",-7.55,-0.61,"1,239.95","1,241.10","1,221.90","114,359","4,351,802,261,864","1,291,091,162,159,390"
2019-05-20,"1,224.48",0.97,0.08,"1,230.70","1,238.21","1,221.92","97,738","3,766,086,635,621","1,290,498,832,570,540"
2019-05-21,"1,228.96",4.48,0.37,"1,225.38","1,239.66","1,223.31","122,169","4,964,444,312,718","1,293,688,966,797,670"
2019-05-22,"1,231.04",2.08,0.17,"1,233.57","1,235.46","1,219.54","93,709","3,609,190,051,326","1,295,552,922,439,310"
2019-05-23,"1,227.90",-3.14,-0.26,"1,230.06","1,231.86","1,220.18","100,336","3,943,721,896,391","1,291,568,921,464,940"
2019-05-24,"1,218.75",-9.15,-0.75,"1,220.32","1,226.62","1,212.97","119,032","4,068,094,698,143","1,282,442,661,509,500"
2019-05-27,"1,217.97",-0.78,-0.06,"1,217.78","1,225.07","1,212.29","90,798","3,318,334,331,657","1,282,380,461,013,010"
2019-05-28,"1,220.82",2.85,0.23,"1,218.17","1,227.15","1,213.52","225,422","7,568,770,260,762","1,285,553,661,051,020"
2019-05-29,"1,204.88",-15.94,-1.31,"1,217.74","1,217.74","1,200.03","117,992","4,276,642,228,030","1,269,424,339,356,440"
2019-05-30,"1,215.75",10.87,0.9,"1,205.92","1,217.01","1,205.92","135,278","4,147,587,302,541","1,279,759,378,966,310"
2019-05-31,"1,217.07",1.32,0.11,"1,209.28","1,222.39","1,205.15","124,328","4,261,003,935,558","1,282,553,554,038,680"
2019-06-03,"1,234.97",17.9,1.47,"1,211.35","1,236.65","1,209.81","111,270","4,165,166,140,581","1,299,687,577,056,100"
2019-06-04,"1,233.37",-1.6,-0.13,"1,233.92","1,236.66","1,228.86","109,259","3,863,266,574,464","1,299,016,487,389,900"
2019-06-05,"1,234.85",1.48,0.12,"1,244.79","1,246.43","1,232.50","104,085","4,001,340,773,130","1,299,686,218,753,950"
2019-06-07,"1,236.74",1.89,0.15,"1,235.29","1,242.47","1,227.39","97,136","3,598,152,587,427","1,301,123,691,135,740"
2019-06-10,"1,253.15",16.41,1.33,"1,245.94","1,253.68","1,238.16","95,203","3,537,447,939,180","1,317,809,380,969,660"
2019-06-11,"1,259.30",6.15,0.49,"1,250.85","1,261.26","1,249.73","94,429","3,624,810,522,988","1,325,185,677,857,510"
2019-06-12,"1,256.29",-3.01,-0.24,"1,258.98","1,263.27","1,253.19","105,603","3,625,256,131,597","1,322,443,096,350,160"
2019-06-13,"1,249.49",-6.8,-0.54,"1,253.10","1,255.24","1,237.59","146,666","5,668,230,948,887","1,317,771,428,080,840"
2019-06-14,"1,245.77",-3.72,-0.3,"1,246.15","1,251.71","1,240.70","111,898","4,050,880,386,500","1,313,828,325,216,090"
2019-06-17,"1,243.43",-2.34,-0.19,"1,243.27","1,250.72","1,239.96","96,129","3,372,182,555,045","1,310,788,600,105,870"
2019-06-18,"1,247.85",4.42,0.36,"1,242.34","1,251.26","1,242.34","141,083","4,037,451,451,280","1,315,321,770,197,600"
2019-06-19,"1,265.36",17.51,1.4,"1,261.96","1,266.84","1,260.11","112,050","3,965,844,300,677","1,332,319,740,017,810"
2019-06-20,"1,269.55",4.19,0.33,"1,262.81","1,269.84","1,262.20","87,014","3,260,873,094,749","1,337,004,671,038,150"
2019-06-21,"1,265.80",-3.75,-0.3,"1,270.56","1,270.80","1,262.04","120,555","4,328,249,916,160","1,332,834,248,346,470"
2019-06-24,"1,265.11",-0.69,-0.05,"1,267.80","1,270.54","1,263.66","93,019","3,085,691,183,737","1,332,392,915,411,570"
2019-06-25,"1,263.30",-1.81,-0.14,"1,264.26","1,271.48","1,258.30","93,631","3,424,123,687,067","1,330,002,678,924,370"
2019-06-26,"1,264.33",1.03,0.08,"1,263.10","1,268.59","1,260.54","93,345","3,386,652,415,424","1,330,277,270,593,540"
2019-06-27,"1,271.08",6.75,0.53,"1,264.22","1,277.34","1,262.37","123,039","4,719,103,892,625","1,336,859,651,514,540"
2019-06-28,"1,267.97",-3.11,-0.24,"1,272.12","1,273.71","1,263.87","124,913","3,940,231,057,692","1,333,413,870,102,400"
2019-07-01,"1,269.04",1.07,0.08,"1,277.90","1,278.31","1,266.56","202,721","5,848,779,370,888","1,334,533,861,678,170"
2019-07-02,"1,262.85",-6.19,-0.49,"1,263.81","1,269.96","1,257.57","140,212","4,144,033,743,121","1,328,774,779,572,060"
2019-07-03,"1,247.30",-15.55,-1.23,"1,261.25","1,266.18","1,245.07","171,833","4,388,750,405,446","1,312,937,076,331,780"
2019-07-04,"1,255.74",8.44,0.68,"1,250.52","1,256.12","1,243.67","131,657","3,965,169,485,463","1,320,740,921,892,450"
2019-07-05,"1,255.98",0.24,0.02,"1,256.79","1,258.88","1,246.41","113,654","3,600,158,487,726","1,322,236,574,693,720"
2019-07-08,"1,228.39",-27.59,-2.2,"1,243.01","1,244.06","1,227.94","142,636","4,012,459,974,962","1,293,608,538,457,940"
2019-07-09,"1,222.38",-6.01,-0.49,"1,233.20","1,236.12","1,222.38","120,034","4,108,225,849,009","1,284,842,777,366,310"
2019-07-10,"1,227.71",5.33,0.44,"1,229.91","1,234.37","1,226.63","114,779","3,892,890,106,996","1,289,153,569,663,800"
2019-07-11,"1,241.53",13.82,1.13,"1,235.78","1,246.51","1,235.22","153,948","4,856,974,398,325","1,303,079,963,781,900"
2019-07-12,"1,245.34",3.81,0.31,"1,243.44","1,248.28","1,239.06","96,577","3,363,728,917,508","1,307,080,931,183,420"
2019-07-15,"1,244.30",-1.04,-0.08,"1,242.76","1,247.48","1,237.03","139,264","3,746,603,111,385","1,304,988,976,005,300"
2019-07-16,"1,250.91",6.61,0.53,"1,245.05","1,253.40","1,242.59","197,288","5,016,510,712,379","1,311,254,261,476,130"
2019-07-17,"1,239.34",-11.57,-0.92,"1,242.65","1,243.05","1,234.07","164,650","4,109,158,890,557","1,299,688,520,812,990"
2019-07-18,"1,235.39",-3.95,-0.32,"1,237.30","1,239.45","1,231.51","129,267","3,845,853,659,626","1,294,956,717,248,950"
2019-07-19,"1,253.54",18.15,1.47,"1,244.42","1,255.03","1,242.63","155,390","4,060,874,948,007","1,313,231,489,022,700"
2019-07-22,"1,253.64",0.1,0.01,"1,250.97","1,257.26","1,249.27","90,710","3,047,184,423,655","1,312,760,761,243,840"
2019-07-23,"1,258.69",5.05,0.4,"1,255.70","1,262.47","1,255.17","146,124","4,479,511,754,885","1,318,244,278,726,220"
2019-07-24,"1,246.24",-12.45,-0.99,"1,255.59","1,261.62","1,244.94","139,716","4,021,238,910,250","1,305,936,479,540,360"
2019-07-25,"1,244.36",-1.88,-0.15,"1,250.02","1,252.42","1,236.40","136,974","4,699,430,754,889","1,301,541,160,673,950"
2019-07-26,"1,240.08",-4.28,-0.34,"1,237.09","1,241.27","1,232.24","137,934","4,388,606,999,451","1,296,588,842,648,550"
2019-07-29,"1,218.12",-21.96,-1.77,"1,235.40","1,238.07","1,215.88","121,062","3,648,217,963,941","1,274,135,814,407,600"
2019-07-30,"1,223.26",5.14,0.42,"1,222.58","1,228.01","1,220.99","103,703","3,136,860,593,334","1,279,349,170,913,700"
2019-07-31,"1,212.99",-10.27,-0.84,"1,221.30","1,224.26","1,204.64","141,513","5,005,413,543,218","1,270,590,102,760,820"
2019-08-01,"1,210.07",-2.92,-0.24,"1,206.94","1,218.34","1,204.25","124,777","3,995,588,725,879","1,266,444,016,932,010"
2019-08-02,"1,196.25",-13.82,-1.14,"1,195.18","1,201.49","1,190.59","150,275","4,980,053,320,003","1,252,426,317,304,700"
2019-08-05,"1,165.01",-31.24,-2.61,"1,188.23","1,189.47","1,164.13","209,589","6,210,701,012,911","1,218,986,761,221,130"
2019-08-06,"1,146.70",-18.31,-1.57,"1,136.38","1,165.55","1,132.32","263,674","7,242,051,350,126","1,199,822,078,360,510"
2019-08-07,"1,141.53",-5.17,-0.45,"1,153.08","1,155.45","1,136.55","227,870","5,532,836,066,535","1,194,382,148,567,830"
2019-08-08,"1,146.11",4.58,0.4,"1,151.42","1,157.80","1,143.90","267,979","6,889,791,905,627","1,201,075,087,214,990"
2019-08-09,"1,156.54",10.43,0.91,"1,158.24","1,162.26","1,155.32","200,318","4,853,176,664,423","1,211,647,005,617,010"
2019-08-12,"1,158.95",2.41,0.21,"1,159.67","1,163.59","1,154.14","145,985","3,682,568,476,649","1,214,063,684,821,770"
2019-08-13,"1,147.34",-11.61,-1,"1,150.53","1,155.24","1,146.45","134,057","3,825,633,188,542","1,201,964,187,952,030"
2019-08-14,"1,156.76",9.42,0.82,"1,161.40","1,165.69","1,155.50","139,608","4,467,699,525,573","1,210,466,102,930,300"
2019-08-16,"1,152.22",-4.54,-0.39,"1,146.98","1,152.59","1,141.39","135,329","3,836,304,579,842","1,204,455,416,120,050"
2019-08-19,"1,158.03",5.81,0.5,"1,158.44","1,161.01","1,154.23","119,304","3,037,784,965,585","1,212,023,692,822,240"
2019-08-20,"1,171.85",13.82,1.19,"1,160.08","1,174.24","1,156.53","130,360","3,494,205,935,220","1,225,338,167,708,380"
2019-08-21,"1,174.78",2.93,0.25,"1,167.81","1,179.39","1,167.64","109,836","3,440,797,890,336","1,228,645,133,179,660"
2019-08-22,"1,165.67",-9.11,-0.78,"1,175.78","1,176.55","1,165.39","124,979","3,814,446,844,053","1,219,783,818,233,320"
2019-08-23,"1,164.21",-1.46,-0.13,"1,159.59","1,167.97","1,158.91","105,787","3,164,026,334,391","1,218,378,566,146,970"
2019-08-26,"1,143.75",-20.46,-1.76,"1,143.86","1,149.37","1,140.58","121,496","3,640,948,971,279","1,196,585,967,782,030"
2019-08-27,"1,150.08",6.33,0.55,"1,151.79","1,157.62","1,145.98","149,314","4,494,960,491,895","1,202,722,359,980,490"
2019-08-28,"1,161.26",11.18,0.97,"1,153.34","1,162.69","1,150.85","147,757","3,544,855,742,118","1,215,062,044,220,850"
2019-08-29,"1,155.83",-5.43,-0.47,"1,161.95","1,165.00","1,152.04","119,369","3,692,301,290,394","1,209,843,131,942,780"
2019-08-30,"1,177.09",21.26,1.84,"1,167.74","1,179.46","1,167.06","145,633","4,189,185,681,113","1,231,993,657,614,870"
2019-09-02,"1,178.74",1.65,0.14,"1,173.52","1,181.35","1,171.65","115,711","3,257,996,316,045","1,233,798,400,687,960"
2019-09-03,"1,174.68",-4.06,-0.34,"1,176.50","1,181.87","1,171.04","126,157","3,632,001,142,556","1,230,782,266,652,490"
2019-09-04,"1,190.29",15.61,1.33,"1,173.35","1,190.29","1,172.65","118,686","3,857,858,509,401","1,246,047,129,202,440"
2019-09-05,"1,202.82",12.53,1.05,"1,194.52","1,209.72","1,193.40","136,103","5,001,787,541,868","1,257,796,189,805,060"
2019-09-06,"1,206.78",3.96,0.33,"1,210.86","1,211.46","1,203.46","92,466","3,248,694,670,225","1,260,477,873,819,580"
2019-09-09,"1,214.33",7.55,0.63,"1,209.64","1,220.80","1,208.96","108,587","3,632,640,488,163","1,267,457,458,394,490"
2019-09-10,"1,219.79",5.46,0.45,"1,217.07","1,221.48","1,213.56","130,828","3,900,969,828,303","1,274,127,373,138,020"
2019-09-11,"1,229.75",9.96,0.82,"1,226.90","1,232.02","1,224.49","170,029","5,762,059,595,063","1,285,207,249,798,450"
2019-09-16,"1,236.65",6.9,0.56,"1,233.16","1,236.66","1,224.72","162,088","5,259,105,337,902","1,293,736,120,056,990"
2019-09-17,"1,235.50",-1.15,-0.09,"1,234.04","1,238.65","1,231.65","126,151","4,013,420,718,733","1,293,728,966,978,390"
2019-09-18,"1,241.20",5.7,0.46,"1,236.65","1,244.74","1,232.82","115,002","3,741,643,501,346","1,298,686,269,016,600"
2019-09-19,"1,248.66",7.46,0.6,"1,241.71","1,254.90","1,241.36","108,013","4,019,047,298,365","1,304,793,538,999,340"
2019-09-20,"1,255.28",6.62,0.53,"1,249.23","1,256.11","1,246.41","123,575","4,415,673,487,491","1,312,248,423,778,110"
2019-09-23,"1,255.45",0.17,0.01,"1,252.77","1,257.62","1,251.18","103,442","3,434,555,867,040","1,311,559,204,247,850"
2019-09-24,"1,259.36",3.91,0.31,"1,253.95","1,260.25","1,249.55","117,429","3,693,199,553,679","1,316,325,765,842,950"
2019-09-25,"1,242.00",-17.36,-1.38,"1,253.68","1,254.37","1,240.66","124,032","4,370,740,384,004","1,298,566,130,352,880"
2019-09-26,"1,244.50",2.5,0.2,"1,247.98","1,251.33","1,238.01","140,208","4,514,194,220,953","1,300,486,421,197,850"
2019-09-27,"1,229.06",-15.44,-1.24,"1,237.78","1,237.96","1,225.21","100,484","3,272,297,374,597","1,284,909,136,051,500"
2019-09-30,"1,238.29",9.23,0.75,"1,225.92","1,239.73","1,223.47","129,735","3,626,085,817,574","1,293,750,430,355,630"
2019-10-01,"1,244.73",6.44,0.52,"1,238.29","1,247.48","1,235.94","137,875","4,357,823,228,562","1,301,792,457,277,700"
2019-10-02,"1,218.78",-25.95,-2.08,"1,235.42","1,235.55","1,218.78","557,484","4,731,818,732,039","1,275,376,730,499,840"
2019-10-04,"1,214.14",-4.64,-0.38,"1,216.65","1,226.58","1,213.53","298,539","4,858,650,815,598","1,269,459,052,390,960"
2019-10-07,"1,218.31",4.17,0.34,"1,222.33","1,225.48","1,212.86","230,410","4,787,450,411,450","1,273,774,974,105,970"
2019-10-08,"1,235.13",16.82,1.38,"1,223.97","1,235.88","1,220.21","296,014","6,923,416,725,590","1,290,315,849,335,470"
2019-10-10,"1,224.06",-11.07,-0.9,"1,224.12","1,232.15","1,212.63","263,566","6,275,568,506,189","1,278,656,275,942,780"
2019-10-11,"1,233.99",9.93,0.81,"1,236.57","1,240.31","1,231.89","164,171","4,241,005,033,898","1,288,312,198,457,810"
2019-10-14,"1,248.44",14.45,1.17,"1,249.28","1,254.58","1,247.27","200,241","4,623,274,212,149","1,303,344,004,836,730"
2019-10-15,"1,249.35",0.91,0.07,"1,246.55","1,252.47","1,246.55","240,429","4,367,986,278,677","1,304,130,267,487,340"
2019-10-16,"1,258.39",9.04,0.72,"1,258.05","1,263.96","1,253.78","170,705","4,702,603,866,844","1,313,679,489,997,450"
2019-10-17,"1,254.20",-4.19,-0.33,"1,256.71","1,259.93","1,249.82","129,505","4,047,733,806,087","1,310,179,291,937,390"
2019-10-18,"1,242.13",-12.07,-0.96,"1,256.29","1,260.41","1,239.79","274,830","5,594,431,464,937","1,297,816,124,944,440"
2019-10-21,"1,248.51",6.38,0.51,"1,246.61","1,248.74","1,241.69","193,136","4,501,261,948,888","1,303,433,597,785,120"
2019-10-22,"1,266.00",17.49,1.4,"1,256.35","1,270.33","1,254.63","247,612","6,855,164,782,312","1,320,626,191,863,310"
2019-10-23,"1,263.38",-2.62,-0.21,"1,263.85","1,267.10","1,258.46","274,990","7,040,332,861,029","1,318,033,462,215,200"
2019-10-24,"1,265.05",1.67,0.13,"1,269.25","1,271.18","1,252.79","282,918","8,588,557,289,566","1,320,925,577,392,890"
2019-10-25,"1,264.36",-0.69,-0.05,"1,267.96","1,268.45","1,258.52","182,153","6,107,243,840,376","1,321,085,717,886,620"
2019-10-28,"1,266.55",2.19,0.17,"1,269.36","1,274.88","1,265.04","205,578","5,833,111,435,249","1,323,978,477,281,620"
2019-10-29,"1,267.43",0.88,0.07,"1,273.67","1,274.63","1,263.30","183,449","5,837,748,205,842","1,324,830,253,150,510"
2019-10-30,"1,258.68",-8.75,-0.69,"1,267.77","1,267.77","1,256.40","173,404","5,841,397,711,464","1,316,917,586,271,810"
2019-10-31,"1,260.41",1.73,0.14,"1,264.96","1,274.52","1,260.34","212,307","5,800,872,485,690","1,318,842,099,322,860"
2019-11-01,"1,271.86",11.45,0.91,"1,261.74","1,272.40","1,258.90","137,517","4,132,609,422,151","1,329,601,823,560,430"
2019-11-04,"1,290.75",18.89,1.49,"1,279.10","1,291.46","1,279.10","255,071","5,599,086,340,905","1,348,921,871,205,630"
2019-11-05,"1,299.47",8.72,0.68,"1,292.82","1,299.68","1,289.41","256,897","5,970,565,769,611","1,357,355,635,608,700"
2019-11-06,"1,298.81",-0.66,-0.05,"1,299.13","1,307.95","1,295.78","227,919","6,210,976,976,816","1,356,677,968,766,870"
2019-11-07,"1,297.71",-1.1,-0.08,"1,296.35","1,300.12","1,292.17","177,570","5,751,369,179,857","1,356,193,321,975,410"
2019-11-08,"1,292.40",-5.31,-0.41,"1,304.24","1,305.68","1,289.76","194,214","5,198,566,274,375","1,350,879,042,226,040"
2019-11-11,"1,281.94",-10.46,-0.81,"1,293.34","1,293.34","1,279.82","135,907","4,096,852,643,965","1,341,464,299,941,450"
2019-11-12,"1,294.29",12.35,0.96,"1,286.24","1,294.29","1,281.79","258,565","4,677,382,649,735","1,352,801,975,637,890"
2019-11-13,"1,283.04",-11.25,-0.87,"1,288.43","1,289.24","1,280.25","242,503","4,370,308,505,541","1,340,049,034,596,730"
2019-11-14,"1,294.53",11.49,0.9,"1,285.95","1,294.53","1,282.63","311,930","5,936,905,789,653","1,351,572,799,755,680"
2019-11-15,"1,309.99",15.46,1.19,"1,294.19","1,311.53","1,291.40","251,611","5,618,595,208,954","1,366,945,636,543,550"
2019-11-18,"1,308.94",-1.05,-0.08,"1,309.38","1,311.84","1,303.28","258,726","4,818,423,679,644","1,365,557,913,939,680"
2019-11-19,"1,303.65",-5.29,-0.4,"1,302.74","1,305.07","1,293.49","187,277","4,916,316,589,685","1,360,301,712,600,040"
2019-11-20,"1,285.10",-18.55,-1.42,"1,295.15","1,299.69","1,284.90","174,926","4,920,824,254,742","1,342,298,771,069,230"
2019-11-21,"1,266.10",-19,-1.48,"1,283.87","1,285.72","1,260.61","152,831","4,927,741,152,269","1,323,287,418,663,160"
2019-11-22,"1,270.60",4.5,0.36,"1,267.51","1,273.67","1,265.10","164,583","4,371,782,755,623","1,326,557,327,161,150"
2019-11-25,"1,284.46",13.86,1.09,"1,281.55","1,289.56","1,280.33","143,033","4,254,767,274,414","1,341,350,473,427,750"
2019-11-26,"1,283.39",-1.07,-0.08,"1,289.19","1,296.92","1,283.17","204,362","7,059,010,723,749","1,339,641,446,131,950"
2019-11-27,"1,287.19",3.8,0.3,"1,290.97","1,292.90","1,280.36","133,510","3,790,946,750,281","1,344,231,885,861,340"
2019-11-28,"1,278.79",-8.4,-0.65,"1,280.04","1,286.46","1,278.45","118,222","3,863,648,062,983","1,336,956,536,378,930"
2019-11-29,"1,258.92",-19.87,-1.55,"1,282.52","1,282.60","1,256.79","125,501","4,422,610,298,981","1,317,059,431,760,330"
2019-12-02,"1,261.86",2.94,0.23,"1,265.57","1,270.98","1,259.91","123,697","4,114,934,585,030","1,320,163,872,469,400"
2019-12-03,"1,255.43",-6.43,-0.51,"1,250.59","1,257.84","1,246.02","147,326","4,677,684,431,508","1,314,642,040,369,590"
2019-12-04,"1,246.62",-8.81,-0.7,"1,247.01","1,249.03","1,238.92","143,563","5,265,802,654,502","1,305,516,032,693,720"
2019-12-05,"1,241.50",-5.12,-0.41,"1,253.46","1,257.31","1,237.88","122,075","4,312,477,030,639","1,299,534,485,914,830"
2019-12-06,"1,256.16",14.66,1.18,"1,249.64","1,258.12","1,248.21","121,934","3,743,533,620,587","1,313,356,249,312,080"
2019-12-09,"1,262.17",6.01,0.48,"1,263.84","1,265.08","1,258.13","113,677","3,543,038,564,847","1,317,647,350,468,100"
2019-12-10,"1,267.79",5.62,0.45,"1,257.02","1,269.59","1,256.20","104,405","3,263,881,415,997","1,323,535,766,188,720"
2019-12-11,"1,271.87",4.08,0.32,"1,267.22","1,275.12","1,263.98","127,008","3,813,615,395,813","1,328,223,923,052,300"
2019-12-12,"1,294.01",22.14,1.74,"1,282.31","1,295.61","1,282.20","207,601","7,813,929,473,006","1,349,581,047,833,710"
2019-12-13,"1,315.82",21.81,1.69,"1,313.00","1,315.82","1,308.55","158,130","5,642,230,549,120","1,375,545,249,182,350"
2019-12-16,"1,313.89",-1.93,-0.15,"1,313.56","1,318.92","1,312.67","114,154","4,069,306,722,202","1,373,584,921,471,250"
2019-12-17,"1,334.91",21.02,1.6,"1,322.70","1,334.99","1,317.60","155,810","5,860,863,816,164","1,392,755,359,900,510"
2019-12-18,"1,333.66",-1.25,-0.09,"1,334.59","1,340.83","1,328.51","126,283","4,670,626,258,789","1,391,690,306,639,230"
2019-12-19,"1,334.35",0.69,0.05,"1,337.49","1,340.93","1,327.53","125,851","4,434,321,902,712","1,393,163,495,283,180"
2019-12-20,"1,339.21",4.86,0.36,"1,340.01","1,341.52","1,333.17","131,775","4,832,621,555,289","1,398,441,957,932,690"
2019-12-23,"1,338.56",-0.65,-0.05,"1,341.73","1,343.11","1,333.54","126,064","4,971,504,943,520","1,399,228,056,136,300"
2019-12-24,"1,328.57",-9.99,-0.75,"1,340.39","1,340.64","1,326.86","121,570","4,477,688,564,738","1,389,666,372,153,720"
2019-12-26,"1,335.23",6.66,0.5,"1,329.87","1,335.24","1,323.87","156,466","5,161,321,996,425","1,395,479,593,026,370"
2019-12-27,"1,341.38",6.15,0.46,"1,328.24","1,348.70","1,323.60","145,326","5,587,920,808,554","1,398,541,485,597,980"
2019-12-30,"1,336.59",-4.79,-0.36,"1,339.14","1,343.10","1,334.89","110,747","4,175,161,071,440","1,394,948,857,017,100"
2020-01-02,"1,322.39",-14.2,-1.06,"1,338.83","1,340.45","1,320.03","118,901","4,942,579,091,165","1,379,913,645,857,920"
2020-01-03,"1,322.79",0.4,0.03,"1,334.48","1,342.07","1,315.75","145,416","5,762,646,517,226","1,379,499,978,255,290"
2020-01-06,"1,310.38",-12.41,-0.94,"1,308.27","1,315.58","1,306.71","126,339","4,668,318,231,614","1,365,151,926,578,950"
2020-01-07,"1,324.20",13.82,1.05,"1,318.05","1,327.91","1,316.48","137,003","4,888,163,075,337","1,379,941,036,109,130"
2020-01-08,"1,313.42",-10.78,-0.81,"1,313.54","1,321.43","1,304.81","233,311","8,213,033,525,733","1,364,837,666,339,480"
2020-01-09,"1,338.54",25.12,1.91,"1,334.69","1,338.54","1,327.54","176,752","7,033,126,066,917","1,389,439,874,545,630"
2020-01-10,"1,350.93",12.39,0.93,"1,340.64","1,351.17","1,337.65","169,661","6,260,271,370,157","1,402,341,514,820,240"
2020-01-13,"1,364.63",13.7,1.01,"1,349.36","1,365.24","1,349.00","136,788","5,602,547,139,407","1,417,052,846,480,720"
2020-01-14,"1,370.45",5.82,0.43,"1,373.66","1,380.33","1,366.82","170,581","6,412,681,978,603","1,423,031,640,318,610"
2020-01-15,"1,362.57",-7.88,-0.57,"1,363.46","1,368.67","1,358.46","116,424","4,663,990,759,938","1,416,658,901,578,640"
2020-01-16,"1,376.28",13.71,1.01,"1,363.10","1,376.72","1,359.34","139,339","6,038,371,343,952","1,428,604,364,176,580"
2020-01-17,"1,378.26",1.98,0.14,"1,386.35","1,390.37","1,374.73","124,109","5,153,768,932,201","1,430,186,885,106,560"
2020-01-20,"1,386.96",8.7,0.63,"1,385.68","1,396.68","1,383.93","131,550","5,532,840,360,448","1,437,774,019,746,260"
2020-01-21,"1,371.26",-15.7,-1.13,"1,384.50","1,388.92","1,370.25","126,277","4,977,927,708,312","1,422,088,858,639,530"
2020-01-22,"1,389.67",18.41,1.34,"1,369.81","1,391.40","1,367.36","122,783","5,319,933,736,046","1,439,280,953,144,560"
2020-01-23,"1,372.95",-16.72,-1.2,"1,379.49","1,383.43","1,370.12","124,282","5,776,703,456,644","1,425,293,527,050,890"
2020-01-28,"1,328.55",-44.4,-3.23,"1,337.59","1,343.44","1,321.62","202,376","8,200,584,306,845","1,379,352,975,186,930"
2020-01-29,"1,334.95",6.4,0.48,"1,336.68","1,342.25","1,327.52","121,604","5,625,717,998,496","1,385,698,651,165,410"
2020-01-30,"1,309.53",-25.42,-1.9,"1,332.08","1,336.06","1,303.69","153,086","6,395,450,181,006","1,361,612,503,914,830"
2020-01-31,"1,291.81",-17.72,-1.35,"1,318.19","1,323.91","1,291.81","148,102","6,308,871,496,068","1,342,886,511,270,630"
2020-02-03,"1,295.19",3.38,0.26,"1,271.94","1,300.41","1,270.19","179,593","7,107,808,915,725","1,344,251,945,474,980"
2020-02-04,"1,321.10",25.91,2,"1,296.57","1,323.65","1,296.03","150,659","6,862,456,546,734","1,369,937,608,406,670"
2020-02-05,"1,326.48",5.38,0.41,"1,334.20","1,337.17","1,318.68","147,445","6,719,474,277,175","1,374,421,775,422,010"
2020-02-06,"1,364.58",38.1,2.87,"1,338.42","1,365.86","1,336.80","160,278","6,936,754,562,106","1,414,920,610,100,330"
2020-02-07,"1,354.17",-10.41,-0.76,"1,360.12","1,361.92","1,344.79","164,628","7,484,996,525,372","1,404,711,187,974,140"
2020-02-10,"1,346.45",-7.72,-0.57,"1,336.18","1,348.55","1,333.21","120,741","4,727,512,210,282","1,398,453,873,883,540"
2020-02-11,"1,360.39",13.94,1.04,"1,354.03","1,367.75","1,352.26","128,884","6,046,224,636,930","1,413,271,913,677,810"
2020-02-12,"1,370.69",10.3,0.76,"1,362.79","1,373.34","1,355.11","156,527","6,242,520,215,392","1,423,515,039,331,380"
2020-02-13,"1,368.46",-2.23,-0.16,"1,376.36","1,383.26","1,366.44","180,199","8,001,095,649,393","1,420,697,284,763,920"
2020-02-14,"1,376.79",8.33,0.61,"1,368.33","1,382.07","1,360.66","132,935","5,754,067,559,253","1,427,405,677,750,560"
2020-02-17,"1,375.82",-0.97,-0.07,"1,376.21","1,381.50","1,368.00","124,512","5,073,447,319,342","1,426,794,799,395,070"
2020-02-18,"1,353.48",-22.34,-1.62,"1,365.08","1,369.53","1,351.05","146,828","5,989,142,499,219","1,405,345,872,923,640"
2020-02-19,"1,355.87",2.39,0.18,"1,362.14","1,365.22","1,342.68","146,186","6,288,458,958,205","1,406,415,698,480,450"
2020-02-20,"1,347.98",-7.89,-0.58,"1,364.90","1,369.04","1,340.61","138,874","6,099,822,502,555","1,396,865,358,647,620"
2020-02-21,"1,327.90",-20.08,-1.49,"1,327.80","1,341.34","1,325.98","207,958","6,037,229,279,597","1,375,207,583,481,180"
2020-02-24,"1,276.15",-51.75,-3.9,"1,296.37","1,301.31","1,276.15","197,848","7,787,373,672,874","1,321,520,761,256,480"
2020-02-25,"1,292.84",16.69,1.31,"1,274.13","1,293.57","1,271.17","174,397","7,176,460,292,654","1,338,887,752,846,850"
2020-02-26,"1,275.26",-17.58,-1.36,"1,266.38","1,283.96","1,263.03","167,896","7,199,496,471,830","1,322,089,244,423,950"
2020-02-27,"1,262.01",-13.25,-1.04,"1,273.19","1,281.43","1,257.00","178,045","7,636,447,791,145","1,308,318,685,991,660"
2020-02-28,"1,220.65",-41.36,-3.28,"1,240.42","1,248.10","1,216.81","269,133","10,127,910,436,148","1,265,094,546,607,140"
2020-03-02,"1,232.87",12.22,1,"1,228.45","1,242.21","1,210.44","222,144","8,293,726,330,603","1,276,498,720,956,400"
2020-03-03,"1,238.17",5.3,0.43,"1,264.78","1,265.20","1,235.05","191,873","8,283,752,417,134","1,282,334,164,940,220"
2020-03-04,"1,267.59",29.42,2.38,"1,231.47","1,270.74","1,231.47","169,615","7,473,637,319,976","1,311,481,946,137,160"
2020-03-05,"1,282.50",14.91,1.18,"1,279.25","1,285.56","1,267.30","208,407","7,889,110,670,872","1,327,983,752,444,280"
2020-03-06,"1,254.66",-27.84,-2.17,"1,261.63","1,268.98","1,249.23","201,543","7,316,511,916,502","1,299,317,023,750,580"
2020-03-09,"1,200.00",-54.66,-4.36,"1,216.17","1,222.67","1,194.98","267,010","9,587,968,906,980","1,244,646,361,502,540"
2020-03-10,"1,207.85",7.85,0.65,"1,194.22","1,211.31","1,188.90","269,046","10,432,108,288,759","1,251,557,295,962,310"
2020-03-11,"1,171.68",-36.17,-2.99,"1,207.75","1,209.53","1,165.95","265,987","9,327,867,452,160","1,215,419,579,607,520"
2020-03-12,"1,128.75",-42.93,-3.66,"1,157.65","1,165.39","1,111.96","329,234","11,860,693,761,370","1,169,709,491,813,850"
2020-03-13,"1,094.72",-34.03,-3.01,"1,057.42","1,120.92","1,037.27","415,746","13,816,591,357,700","1,131,503,954,922,180"
2020-03-16,"1,060.04",-34.68,-3.17,"1,116.57","1,116.57","1,059.76","268,853","9,495,240,796,963","1,094,914,667,841,150"
2020-03-17,"1,036.45",-23.59,-2.23,"1,015.28","1,069.29","1,013.36","316,024","11,042,892,937,820","1,071,027,170,934,110"
2020-03-18,984.4,-52.05,-5.02,"1,044.50","1,050.65",984.31,"303,765","10,107,878,568,443","1,017,068,449,686,080"
2020-03-19,907.07,-77.33,-7.86,"1,007.88","1,008.44",895.67,"445,936","13,186,125,866,089","934,146,841,292,220"
2020-03-20,975.37,68.3,7.53,933.28,976.56,913.65,"376,413","11,356,184,337,223","1,006,778,986,115,640"
2020-03-23,922.74,-52.63,-5.4,917.3,945.28,907.83,"317,602","11,027,160,757,410","953,430,926,610,755"
2020-03-24,"1,005.26",82.52,8.94,949.47,"1,005.26",939.91,"344,679","11,731,248,618,853","1,037,612,878,631,350"
2020-03-25,"1,061.98",56.72,5.64,"1,041.86","1,063.74","1,025.09","445,922","14,268,473,281,691","1,096,366,142,155,390"
2020-03-26,"1,048.39",-13.59,-1.28,"1,057.64","1,081.02","1,045.87","468,972","14,564,516,827,141","1,082,975,322,364,360"
2020-03-27,"1,068.63",20.24,1.93,"1,092.92","1,094.91","1,036.41","451,821","15,070,569,456,195","1,102,200,593,362,370"
2020-03-30,"1,066.38",-2.25,-0.21,"1,039.18","1,075.46","1,031.75","291,546","9,341,916,457,030","1,101,322,686,105,800"
2020-03-31,"1,089.34",22.96,2.15,"1,079.52","1,090.97","1,069.00","403,276","15,429,131,048,956","1,126,564,065,508,950"
2020-04-01,"1,041.83",-47.51,-4.36,"1,078.98","1,093.83","1,041.80","451,173","14,619,989,279,590","1,078,642,143,683,200"
2020-04-02,"1,066.99",25.16,2.41,"1,047.03","1,068.60","1,028.58","331,227","11,752,665,039,964","1,105,439,801,292,290"
2020-04-03,"1,066.56",-0.43,-0.04,"1,070.04","1,079.16","1,055.02","288,620","9,650,331,939,305","1,104,893,912,282,420"
2020-04-06,"1,108.13",41.57,3.9,"1,078.94","1,109.69","1,075.85","280,328","9,414,794,645,999","1,147,823,439,839,620"
2020-04-07,"1,126.20",18.07,1.63,"1,129.69","1,137.11","1,106.74","351,745","12,324,420,483,874","1,166,620,667,080,470"
2020-04-08,"1,112.85",-13.35,-1.19,"1,120.92","1,135.32","1,111.78","277,381","9,548,521,907,781","1,154,423,445,341,260"
2020-04-09,"1,129.83",16.98,1.53,"1,132.26","1,133.49","1,118.72","277,044","9,358,338,512,903","1,172,452,173,306,720"
2020-04-10,"1,139.89",10.06,0.89,"1,127.88","1,140.67","1,120.46","394,788","11,079,787,255,689","1,187,393,484,298,730"
2020-04-13,"1,118.64",-21.25,-1.86,"1,133.91","1,135.38","1,118.64","297,457","9,604,575,623,423","1,164,464,959,411,670"
2020-04-14,"1,137.98",19.34,1.73,"1,131.89","1,142.77","1,124.74","337,527","9,398,617,470,879","1,184,884,176,524,810"
2020-04-16,"1,138.77",0.79,0.07,"1,126.97","1,142.15","1,121.26","358,999","10,365,230,406,627","1,186,262,482,169,490"
2020-04-17,"1,175.32",36.55,3.21,"1,163.10","1,183.65","1,162.28","576,405","14,420,854,470,057","1,223,257,961,927,470"
2020-04-20,"1,161.69",-13.63,-1.16,"1,170.59","1,180.42","1,158.38","469,943","12,540,593,783,879","1,211,185,721,064,330"
2020-04-21,"1,149.15",-12.54,-1.08,"1,153.12","1,161.12","1,127.69","464,263","14,124,069,569,755","1,199,379,735,673,430"
2020-04-22,"1,160.58",11.43,0.99,"1,134.01","1,161.82","1,127.42","319,937","10,088,826,894,207","1,210,294,095,071,720"
2020-04-23,"1,168.98",8.4,0.72,"1,167.94","1,175.59","1,159.57","240,516","8,893,537,440,660","1,221,527,829,823,560"
2020-04-24,"1,153.10",-15.88,-1.36,"1,163.11","1,165.28","1,148.49","256,655","9,016,945,622,105","1,206,161,186,213,580"
2020-04-27,"1,174.23",21.13,1.83,"1,158.08","1,178.36","1,155.55","232,011","7,914,804,558,312","1,228,118,572,820,050"
2020-04-28,"1,180.15",5.92,0.5,"1,179.00","1,185.66","1,166.38","251,482","8,311,019,981,813","1,234,734,109,238,200"
2020-04-29,"1,187.44",7.29,0.62,"1,181.13","1,194.22","1,178.76","247,817","8,490,188,267,386","1,242,529,172,409,880"
2020-05-04,"1,154.69",-32.75,-2.76,"1,161.66","1,169.12","1,153.71","246,368","8,795,240,616,158","1,207,872,532,417,820"
2020-05-06,"1,175.48",20.79,1.8,"1,169.31","1,175.51","1,157.99","207,778","7,334,655,974,491","1,229,986,526,157,340"
2020-05-07,"1,174.50",-0.98,-0.08,"1,170.69","1,181.75","1,168.73","201,955","6,867,281,908,439","1,229,721,332,997,530"
2020-05-08,"1,186.03",11.53,0.98,"1,184.66","1,192.78","1,182.94","237,756","8,729,677,930,658","1,242,420,192,169,830"
2020-05-11,"1,179.85",-6.18,-0.52,"1,191.18","1,196.28","1,178.05","228,269","8,162,140,230,572","1,236,021,958,440,160"
2020-05-12,"1,172.66",-7.19,-0.61,"1,181.83","1,182.30","1,161.91","256,195","10,040,490,688,228","1,228,146,881,371,080"
2020-05-13,"1,183.44",10.78,0.92,"1,157.28","1,183.44","1,157.04","227,093","9,431,179,326,670","1,240,461,141,540,840"
2020-05-14,"1,174.01",-9.43,-0.8,"1,171.76","1,177.42","1,166.58","256,981","11,475,190,376,174","1,231,506,443,185,800"
2020-05-15,"1,174.27",0.26,0.02,"1,181.95","1,182.60","1,166.22","270,580","10,631,967,805,313","1,232,409,694,180,700"
2020-05-18,"1,180.12",5.85,0.5,"1,178.23","1,185.13","1,170.53","217,212","9,110,950,974,351","1,237,969,224,336,480"
2020-05-19,"1,207.80",27.68,2.35,"1,205.19","1,210.23","1,199.69","353,432","11,866,849,467,410","1,265,882,447,296,380"
2020-05-20,"1,213.54",5.74,0.48,"1,202.20","1,215.14","1,202.20","196,448","7,518,268,453,345","1,272,188,975,547,470"
2020-05-21,"1,218.66",5.12,0.42,"1,222.05","1,223.30","1,215.51","233,421","8,659,546,879,170","1,277,731,938,313,270"
2020-05-22,"1,200.34",-18.32,-1.5,"1,219.10","1,220.13","1,194.70","225,344","8,890,020,572,778","1,259,832,648,228,630"
2020-05-25,"1,214.81",14.47,1.21,"1,206.55","1,214.92","1,198.31","182,009","7,775,841,715,155","1,276,133,213,115,490"
2020-05-26,"1,235.92",21.11,1.74,"1,218.30","1,235.92","1,215.52","275,273","11,167,762,829,733","1,298,793,971,181,060"
2020-05-27,"1,236.27",0.35,0.03,"1,233.30","1,243.99","1,228.68","327,438","11,533,862,945,160","1,297,992,066,306,870"
2020-05-28,"1,236.92",0.65,0.05,"1,247.80","1,252.82","1,221.07","330,660","12,681,724,374,361","1,295,521,607,016,760"
2020-05-29,"1,238.06",1.14,0.09,"1,229.83","1,243.65","1,223.32","350,319","12,615,372,689,079","1,297,448,765,014,330"
2020-06-01,"1,262.84",24.78,2,"1,242.90","1,263.67","1,241.39","253,814","10,992,941,074,969","1,322,967,101,051,400"
2020-06-02,"1,276.08",13.24,1.05,"1,260.67","1,277.72","1,258.79","331,078","10,347,908,855,227","1,336,803,619,537,360"
2020-06-03,"1,317.40",41.32,3.24,"1,290.18","1,324.26","1,289.41","583,174","17,842,904,650,194","1,375,818,612,089,560"
2020-06-04,"1,320.10",2.7,0.2,"1,340.48","1,347.72","1,312.47","453,367","14,886,008,100,525","1,379,217,273,007,210"
2020-06-05,"1,338.30",18.2,1.38,"1,319.50","1,341.79","1,311.61","368,867","11,564,545,697,663","1,397,588,480,123,160"
2020-06-08,"1,338.99",0.69,0.05,"1,359.10","1,360.23","1,334.07","365,426","12,304,459,472,682","1,398,862,703,532,860"
2020-06-09,"1,341.85",2.86,0.21,"1,353.07","1,356.87","1,325.99","357,143","13,310,408,662,933","1,401,521,171,185,190"
2020-06-10,"1,345.95",4.1,0.31,"1,340.81","1,349.64","1,334.78","345,081","13,062,569,874,525","1,407,020,744,368,910"
2020-06-11,"1,332.79",-13.16,-0.98,"1,338.05","1,348.66","1,314.31","393,879","17,722,250,273,198","1,395,693,849,353,350"
2020-06-12,"1,303.02",-29.77,-2.23,"1,279.30","1,306.48","1,275.73","345,707","15,657,388,342,041","1,378,486,480,112,000"
2020-06-15,"1,237.04",-65.98,-5.06,"1,289.69","1,299.16","1,237.04","396,419","18,044,635,054,067","1,311,050,812,237,670"
2020-06-16,"1,306.15",69.11,5.59,"1,274.19","1,306.16","1,266.27","396,953","14,446,622,192,203","1,382,629,294,044,140"
2020-06-17,"1,308.07",1.92,0.15,"1,303.44","1,316.81","1,285.36","495,735","15,555,535,885,743","1,384,940,566,160,220"
2020-06-18,"1,302.89",-5.18,-0.4,"1,303.32","1,310.77","1,295.05","313,549","11,543,816,848,642","1,378,864,576,696,590"
2020-06-19,"1,309.25",6.36,0.49,"1,314.88","1,315.49","1,287.38","346,242","11,755,200,313,191","1,384,387,158,024,730"
2020-06-22,"1,303.49",-5.76,-0.44,"1,299.48","1,313.27","1,296.44","234,772","10,389,818,252,766","1,377,941,915,905,060"
2020-06-23,"1,306.24",2.75,0.21,"1,318.30","1,324.38","1,293.37","245,725","12,825,543,344,511","1,381,842,845,676,480"
2020-06-24,"1,326.33",20.09,1.54,"1,314.28","1,334.51","1,312.91","326,424","13,620,500,069,000","1,401,336,674,150,520"
2020-06-25,"1,295.63",-30.7,-2.31,"1,306.81","1,316.48","1,295.63","230,958","10,030,125,267,255","1,369,543,901,807,370"
2020-06-26,"1,310.95",15.32,1.18,"1,312.47","1,316.39","1,298.86","228,044","9,426,601,595,993","1,384,341,701,708,680"
2020-06-29,"1,285.76",-25.19,-1.92,"1,293.07","1,303.60","1,281.68","217,360","9,100,888,966,522","1,356,805,452,769,090"
2020-06-30,"1,294.84",9.08,0.71,"1,306.16","1,311.53","1,294.36","272,100","11,683,714,671,933","1,366,141,954,867,400"
2020-07-01,"1,293.16",-1.68,-0.13,"1,308.22","1,310.59","1,289.67","200,478","9,080,286,533,486","1,363,415,142,785,080"
2020-07-02,"1,310.86",17.7,1.37,"1,298.44","1,310.94","1,296.03","188,447","9,488,493,444,864","1,382,474,417,156,660"
2020-07-03,"1,320.76",9.9,0.76,"1,318.66","1,321.74","1,308.39","176,484","9,499,919,505,149","1,391,092,896,912,200"
2020-07-06,"1,341.78",21.02,1.59,"1,325.12","1,343.88","1,322.46","195,409","9,550,152,494,361","1,410,493,982,291,940"
2020-07-07,"1,326.12",-15.66,-1.17,"1,351.15","1,352.23","1,325.91","295,615","13,620,278,672,269","1,396,142,278,052,750"
2020-07-08,"1,323.49",-2.63,-0.2,"1,328.40","1,333.83","1,319.50","220,147","11,467,338,866,846","1,391,620,315,733,740"
2020-07-09,"1,329.86",6.37,0.48,"1,332.04","1,339.26","1,329.13","226,903","11,784,674,947,626","1,398,845,815,391,850"
2020-07-10,"1,321.63",-8.23,-0.62,"1,332.59","1,333.56","1,313.78","256,232","13,558,886,926,831","1,388,878,647,313,520"
2020-07-13,"1,342.96",21.33,1.61,"1,334.62","1,345.63","1,329.17","196,885","9,610,757,381,493","1,411,587,342,706,730"
2020-07-14,"1,341.71",-1.25,-0.09,"1,335.94","1,341.71","1,329.81","199,192","10,350,975,442,729","1,410,620,888,595,670"
2020-07-15,"1,353.16",11.45,0.85,"1,356.54","1,362.70","1,346.50","319,277","13,161,596,122,176","1,422,535,618,372,210"
2020-07-16,"1,339.20",-13.96,-1.03,"1,353.34","1,354.66","1,334.88","211,934","9,791,494,474,356","1,408,697,150,033,050"
2020-07-17,"1,350.91",11.71,0.87,"1,342.22","1,353.12","1,342.22","198,227","9,453,973,104,104","1,420,439,038,668,460"
2020-07-20,"1,348.46",-2.45,-0.18,"1,356.38","1,356.38","1,339.99","257,767","11,591,849,179,305","1,418,264,927,592,360"
2020-07-21,"1,368.15",19.69,1.46,"1,362.89","1,372.40","1,359.55","459,692","14,856,207,758,394","1,438,064,557,902,020"
2020-07-22,"1,364.89",-3.26,-0.24,"1,366.23","1,373.42","1,361.60","404,873","14,264,221,590,301","1,438,213,066,726,940"
2020-07-23,"1,359.71",-5.18,-0.38,"1,363.54","1,363.54","1,350.49","345,202","15,769,778,225,271","1,429,351,847,683,150"
2020-07-24,"1,350.43",-9.28,-0.68,"1,348.12","1,362.20","1,346.46","372,002","14,420,888,709,853","1,418,195,383,454,790"
2020-07-27,"1,361.96",11.53,0.85,"1,351.81","1,370.28","1,350.97","314,093","12,729,560,485,102","1,429,283,982,964,820"
2020-07-28,"1,391.57",29.61,2.17,"1,375.91","1,396.77","1,375.03","407,938","17,673,063,557,796","1,456,991,984,730,000"
2020-07-29,"1,395.81",4.24,0.3,"1,393.39","1,405.58","1,388.30","305,747","14,053,254,643,446","1,461,418,899,018,640"
2020-07-30,"1,398.36",2.55,0.18,"1,404.42","1,408.52","1,396.68","274,899","13,723,738,806,437","1,463,725,180,814,870"
2020-07-31,"1,387.50",-10.86,-0.78,"1,406.79","1,408.71","1,386.58","255,820","12,895,228,988,281","1,454,379,654,888,430"
2020-08-03,"1,390.09",2.59,0.19,"1,389.24","1,392.28","1,380.08","260,064","13,352,132,870,100","1,457,825,916,368,080"
2020-08-04,"1,406.53",16.44,1.18,"1,403.97","1,411.51","1,399.29","296,366","13,719,729,049,840","1,475,665,868,693,590"
2020-08-05,"1,424.81",18.28,1.3,"1,410.83","1,424.94","1,406.68","338,801","16,958,241,501,938","1,499,027,983,625,160"
2020-08-06,"1,445.69",20.88,1.47,"1,430.93","1,451.91","1,430.93","373,513","18,074,235,326,899","1,518,594,055,533,020"
2020-08-07,"1,451.00",5.31,0.37,"1,449.12","1,457.91","1,438.87","398,297","18,387,709,610,959","1,527,744,617,632,000"
2020-08-10,"1,469.05",18.05,1.24,"1,451.79","1,473.53","1,448.61","351,138","17,936,423,654,474","1,547,800,603,321,690"
2020-08-11,"1,486.37",17.32,1.18,"1,472.79","1,493.73","1,472.62","380,302","18,315,366,599,634","1,567,712,877,941,430"
2020-08-12,"1,490.59",4.22,0.28,"1,483.24","1,490.59","1,466.62","372,446","16,956,037,216,576","1,574,444,591,874,630"
2020-08-13,"1,495.85",5.26,0.35,"1,505.82","1,509.00","1,480.10","398,251","19,438,046,819,602","1,583,307,098,161,890"
2020-08-14,"1,474.36",-21.49,-1.44,"1,488.18","1,492.04","1,461.81","347,268","16,757,397,094,666","1,561,298,038,945,920"
2020-08-18,"1,443.80",-30.56,-2.07,"1,476.04","1,485.22","1,435.97","338,328","18,350,583,506,938","1,524,968,736,053,600"
2020-08-19,"1,449.31",5.51,0.38,"1,459.06","1,463.12","1,446.38","227,381","13,756,140,988,168","1,533,549,929,143,150"
2020-08-20,"1,395.57",-53.74,-3.71,"1,435.95","1,446.56","1,393.01","338,808","16,609,706,215,413","1,476,837,350,976,380"
2020-08-21,"1,415.36",19.79,1.42,"1,416.41","1,432.18","1,400.28","241,553","12,831,832,206,090","1,497,355,122,704,800"
2020-08-24,"1,433.12",17.76,1.25,"1,418.88","1,435.76","1,402.88","209,322","11,120,667,204,330","1,516,087,991,524,160"
2020-08-25,"1,453.82",20.7,1.44,"1,447.20","1,456.19","1,438.84","270,682","12,431,322,961,932","1,538,969,198,856,720"
2020-08-26,"1,456.67",2.85,0.2,"1,454.43","1,460.62","1,436.27","280,019","13,236,054,102,963","1,540,274,522,689,740"
2020-08-27,"1,444.62",-12.05,-0.83,"1,458.33","1,461.05","1,444.19","313,251","14,896,505,516,610","1,526,036,360,641,290"
2020-08-28,"1,448.56",3.94,0.27,"1,455.85","1,466.28","1,442.99","339,444","13,390,804,151,212","1,531,504,471,074,500"
2020-08-31,"1,429.09",-19.47,-1.34,"1,463.53","1,466.03","1,428.82","389,946","19,088,060,817,153","1,513,453,216,934,190"
2020-09-01,"1,440.93",11.84,0.83,"1,437.87","1,446.51","1,431.31","416,460","14,509,746,184,865","1,526,617,991,873,010"
2020-09-02,"1,451.38",10.45,0.73,"1,450.23","1,456.70","1,438.03","432,222","14,864,797,324,678","1,536,512,811,418,960"
2020-09-03,"1,472.84",21.46,1.48,"1,465.39","1,476.67","1,464.07","401,561","14,857,673,808,699","1,556,782,768,383,130"
2020-09-04,"1,452.95",-19.89,-1.35,"1,433.66","1,455.33","1,432.80","488,983","17,112,013,140,262","1,536,530,042,211,910"
2020-09-07,"1,462.07",9.12,0.63,"1,454.78","1,464.54","1,448.71","365,022","15,035,082,749,215","1,546,184,845,313,820"
2020-09-08,"1,476.66",14.59,1,"1,474.01","1,478.50","1,466.08","320,554","16,172,480,269,790","1,558,700,406,734,600"
2020-09-09,"1,458.99",-17.67,-1.2,"1,458.20","1,469.47","1,456.15","315,539","14,561,948,197,170","1,540,088,151,378,940"
2020-09-10,"1,472.60",13.61,0.93,"1,478.66","1,480.34","1,466.60","278,124","12,675,327,128,982","1,554,587,579,758,920"
2020-09-11,"1,472.27",-0.33,-0.02,"1,468.28","1,473.45","1,457.24","227,245","10,078,737,273,817","1,554,571,102,584,970"
2020-09-14,"1,492.05",19.78,1.34,"1,487.38","1,493.00","1,480.58","241,630","10,101,315,683,280","1,574,470,166,747,630"
2020-09-15,"1,504.02",11.97,0.8,"1,496.81","1,504.77","1,490.81","310,361","11,995,976,584,798","1,586,057,098,740,380"
2020-09-16,"1,500.04",-3.98,-0.26,"1,503.69","1,509.07","1,496.13","335,347","12,513,408,612,695","1,582,120,763,601,780"
2020-09-17,"1,479.81",-20.23,-1.35,"1,496.20","1,500.21","1,475.09","334,968","13,937,050,148,779","1,561,712,555,508,120"
2020-09-18,"1,483.99",4.18,0.28,"1,485.69","1,488.65","1,474.38","250,154","13,939,262,589,380","1,566,933,185,737,280"
2020-09-21,"1,470.00",-13.99,-0.94,"1,483.67","1,495.18","1,464.43","314,490","13,600,494,315,589","1,550,962,281,358,400"
2020-09-22,"1,434.97",-35.03,-2.38,"1,468.89","1,469.34","1,429.20","409,354","15,360,208,498,483","1,511,742,246,661,150"
2020-09-23,"1,438.18",3.21,0.22,"1,448.21","1,449.41","1,408.21","346,916","13,305,496,236,614","1,513,633,227,247,120"
2020-09-24,"1,401.33",-36.85,-2.56,"1,415.24","1,425.02","1,399.01","420,122","13,554,494,330,413","1,472,750,769,180,590"
2020-09-25,"1,405.52",4.19,0.3,"1,415.42","1,416.12","1,397.94","283,216","9,450,784,486,857","1,477,048,038,321,870"
2020-09-28,"1,424.30",18.78,1.34,"1,420.23","1,428.87","1,412.67","272,065","9,395,205,559,159","1,498,388,396,694,400"
2020-09-29,"1,435.75",11.45,0.8,"1,438.50","1,443.54","1,430.83","252,053","8,856,794,647,046","1,511,331,474,057,080"
