date,kospi_close,kospi_dividend_yield_ratio,kospi_per,kospi_pbr,kospi_open,kospi_high,kospi_low,kospi_volume,kospi_value,kospi_stock_value,kospi_label
20180102,2479.65,1.35,13.06,1.12,2474.86,2481.02,2465.94,262205,4786387,1613508197,
20180103,2486.35,1.35,13.09,1.12,2484.63,2493.4,2481.91,331095,6019622,1617634318,1
20180104,2466.46,1.36,12.99,1.11,2502.5,2502.5,2466.45,333836,6896287,1604916140,2
20180105,2497.52,1.34,13.15,1.12,2476.85,2497.52,2475.51,308770,6317518,1624970533,1
20180108,2513.28,1.34,13.23,1.13,2510.7,2515.37,2494.18,311429,6404886,1634777681,1
20180109,2510.23,1.34,13.21,1.13,2510.73,2524.73,2498.41,374323,7345519,1632067011,2
20180110,2499.75,1.34,13.15,1.12,2516.33,2516.82,2493.98,444022,8577963,1624057752,2
20180111,2487.91,1.35,13.09,1.12,2496.86,2502.52,2483.82,444340,7789311,1616665408,2
20180112,2496.42,1.35,13.13,1.12,2499.87,2500.87,2482.15,438776,8772175,1621717049,1
20180115,2503.73,1.34,13.16,1.12,2510.97,2513.3,2496.18,404551,6118635,1626574288,1
20180116,2521.74,1.33,13.26,1.13,2504.16,2524.55,2498.55,341607,6913693,1639188170,1
20180117,2515.43,1.34,13.23,1.13,2517.19,2521.97,2506.49,336713,6325747,1634771859,2
20180118,2515.81,1.34,13.23,1.13,2527.67,2532.08,2512.69,333112,6447656,1635724489,1
20180119,2520.26,1.33,13.25,1.13,2519.67,2524.33,2513.09,351845,6263001,1637786603,1
20180122,2502.11,1.34,13.16,1.12,2516.9,2517.12,2488.44,342994,6385331,1626287541,2
20180123,2536.6,1.32,13.34,1.14,2510.35,2536.6,2507.96,370008,6838404,1648667380,1
20180124,2538,1.32,13.34,1.14,2533.86,2547.22,2531.31,371087,6764738,1649315305,1
20180125,2562.23,1.31,13.47,1.15,2536.96,2564.43,2536.73,514605,7867501,1665284071,1
20180126,2574.76,1.3,13.53,1.16,2560.69,2574.76,2553.53,400649,7673559,1673359184,1
20180129,2598.19,1.29,13.66,1.17,2588.87,2607.1,2587.55,437475,7908139,1688814426,1
20180130,2567.74,1.31,13.49,1.15,2590.41,2599.17,2567.07,397039,7877966,1668674846,2
20180131,2566.46,1.31,13.5,1.15,2557.37,2597.14,2553.01,403051,10842647,1668579804,2
20180201,2568.54,1.31,13.52,1.15,2578.91,2583.74,2564.59,595147,8053099,1670143715,1
20180202,2525.39,1.33,13.29,1.14,2565.99,2565.99,2519.6,481818,8260733,1641386346,2
20180205,2491.75,1.35,13.12,1.12,2487.34,2503.99,2476.24,442350,8096051,1620158999,2
20180206,2453.31,1.37,12.91,1.1,2437.02,2460.28,2409.38,582837,9566551,1595275242,2
20180207,2396.56,1.4,12.61,1.08,2483.72,2484.18,2396.56,460075,8369362,1558072991,2
20180208,2407.62,1.4,12.66,1.08,2400.17,2423.88,2393.46,362416,7275110,1563754336,1
20180209,2363.77,1.39,12.67,1.08,2346.73,2372.9,2346.73,489112,8524086,1567308139,2
20180212,2385.38,1.38,12.79,1.09,2380.49,2397.9,2367.31,352288,6631084,1581810884,1
20180213,2395.19,1.37,12.84,1.1,2402.89,2421.8,2388.54,423416,7333093,1589989718,1
20180214,2421.83,1.36,12.99,1.11,2412.47,2426.63,2408.02,305739,5970263,1607999333,1
20180219,2442.82,1.34,13.1,1.12,2452.52,2455.12,2428.15,322137,5843437,1621617424,1
20180220,2415.12,1.36,12.95,1.11,2433.35,2438.48,2411.23,421486,5146649,1603559124,2
20180221,2429.65,1.35,13.03,1.11,2417.73,2432.45,2404.02,432275,6074261,1612751528,1
20180222,2414.28,1.36,12.95,1.11,2417.18,2422.62,2405.23,349493,4982024,1602148941,2
20180223,2451.52,1.34,13.15,1.12,2427.13,2451.52,2427.13,300578,5387096,1626053757,1
20180226,2457.65,1.34,13.18,1.13,2465.35,2466.08,2447.86,321260,5606027,1630210236,1
20180227,2456.14,1.34,13.17,1.13,2474.08,2480.79,2456.14,271232,5674164,1629406360,2
20180228,2427.36,1.35,13.02,1.11,2447.11,2460.12,2426.21,367557,7168378,1611555217,2
20180302,2402.16,1.37,12.89,1.1,2406.57,2410.34,2387.25,320397,6077888,1593948106,2
20180305,2375.06,1.38,12.74,1.09,2405.92,2407.98,2374.8,312254,5785013,1575913633,2
20180306,2411.41,1.36,12.94,1.11,2400.67,2413.01,2392.87,400111,6598571,1600329703,1
20180307,2401.82,1.37,12.9,1.1,2413.39,2429.43,2395.24,412972,8956679,1594937954,2
20180308,2433.08,1.35,13.06,1.12,2420.67,2433.08,2407.59,394849,9053040,1614933614,1
20180309,2459.45,1.33,13.21,1.13,2443.43,2476.43,2436.03,437265,8573691,1633438701,1
20180312,2484.12,1.32,13.34,1.14,2485.64,2489.46,2474.91,391304,6570618,1649789283,1
20180313,2494.49,1.31,13.39,1.15,2483.05,2494.49,2478.76,350203,7828709,1657712133,1
20180314,2486.08,1.32,13.35,1.14,2477.43,2486.98,2474.77,360866,6379750,1652629050,2
20180315,2492.38,1.32,13.38,1.14,2486,2496.51,2471.04,344010,6065884,1656176341,1
20180316,2493.97,1.31,13.37,1.15,2495.11,2497.8,2476.88,377766,6566429,1656858023,1
20180319,2475.03,1.32,13.27,1.14,2491.99,2493.56,2470.91,477219,5994569,1644237393,2
20180320,2485.52,1.32,13.31,1.14,2456.8,2485.52,2456.8,291496,5384114,1650420084,1
20180321,2484.97,1.32,13.31,1.14,2488.22,2492.88,2483.78,399074,5925542,1650337890,2
20180322,2496.02,1.31,13.37,1.15,2494.84,2508.71,2485.34,482138,7178799,1658523132,1
20180323,2416.76,1.35,12.96,1.11,2446.73,2450.4,2412.62,457953,7931474,1606035961,2
20180326,2437.08,1.34,13.08,1.12,2414.68,2437.08,2399.44,306904,5928635,1620507612,1
20180327,2452.06,1.33,13.16,1.13,2455,2456.55,2444.92,332129,6305554,1631743152,1
20180328,2419.29,1.35,12.98,1.11,2425.94,2430.77,2409.47,501307,7761054,1610067602,2
20180329,2436.37,1.34,13.07,1.12,2421.7,2439.47,2413.71,333359,7256777,1621052950,1
20180330,2445.85,1.34,13.1,1.12,2454.1,2458.24,2445.72,395329,6434445,1627646951,1
20180402,2444.16,1.34,13.09,1.12,2454.72,2467.52,2440.89,390319,6841688,1626392940,2
20180403,2442.43,1.34,13.08,1.12,2422.26,2442.43,2416.44,497141,7950088,1625310856,2
20180404,2408.06,1.36,12.9,1.11,2447.97,2447.97,2405.91,551704,8092054,1602618532,2
20180405,2437.52,1.34,13.06,1.12,2426.92,2446.78,2420.92,591043,7566952,1622983873,1
20180406,2429.58,1.35,13.01,1.12,2420.88,2433.97,2417.24,454309,7301081,1617425107,2
20180409,2444.08,1.34,13.09,1.12,2424.15,2446.28,2424.15,334425,6607392,1626997763,1
20180410,2450.74,1.33,13.13,1.12,2439.94,2454.36,2419.55,356390,7520110,1631061462,1
20180411,2444.22,1.34,13.09,1.12,2456.53,2458.99,2441.2,355188,7468123,1626689363,2
20180412,2442.71,1.34,13.08,1.12,2450.95,2454.95,2441.58,441569,8152885,1626103067,2
20180413,2455.07,1.33,13.17,1.13,2449.42,2457.85,2442.35,395886,6923900,1636609096,1
20180416,2457.49,1.33,13.18,1.13,2466.04,2466.16,2449.97,347174,6220737,1638625626,1
20180417,2453.77,1.33,13.16,1.13,2459.39,2465.63,2449.08,394701,6360648,1636624621,2
20180418,2479.98,1.32,13.31,1.14,2467.55,2486.73,2467.55,647286,8204323,1655299464,1
20180419,2486.1,1.31,13.34,1.14,2483.26,2490.57,2476.51,727031,10118366,1660195914,1
20180420,2476.33,1.32,13.29,1.14,2478.59,2485.15,2472.37,531719,7841558,1653175539,2
20180423,2474.11,1.32,13.27,1.14,2473.7,2478.57,2466.57,701423,9372648,1651720966,2
20180424,2464.14,1.33,13.22,1.13,2478.47,2479.32,2454.44,524280,8300866,1644743511,2
20180425,2448.81,1.33,13.14,1.13,2444.19,2453.54,2436.51,466096,7527931,1634741766,2
20180426,2475.64,1.32,13.28,1.14,2460.62,2484.09,2456.2,520917,7921705,1653073967,1
20180427,2492.4,1.31,13.37,1.15,2497.75,2508.13,2484.19,464958,8299223,1664373651,1
20180430,2515.38,1.3,13.5,1.16,2502.29,2515.38,2500.22,746292,9460289,1680104341,1
20180502,2505.61,1.55,12,1.14,2515.75,2516.57,2501.71,807589,11712287,1673457322,2
20180503,2487.25,1.56,11.91,1.14,2506.94,2507.91,2487.25,614102,7866074,1661556510,2
20180504,2461.38,1.58,11.79,1.12,2486.47,2487.77,2461.38,612024,10816535,1645196661,2
20180508,2449.81,1.59,11.73,1.12,2468.45,2479.75,2444.08,714734,9630703,1638340178,2
20180509,2443.98,1.59,11.71,1.12,2450.71,2451.86,2428.79,593366,9069419,1633304236,2
20180510,2464.16,1.58,11.8,1.13,2458.67,2464.72,2448.01,490005,8870446,1646413173,1
20180511,2477.71,1.57,11.87,1.13,2469.3,2483.85,2468.41,599901,7588729,1655512771,1
20180514,2476.11,1.57,11.86,1.13,2482.97,2486.17,2471.91,650708,9563127,1654107231,2
20180515,2458.54,1.58,11.78,1.12,2476.87,2480.22,2456.2,712620,9446302,1641597149,2
20180516,2459.82,1.58,11.78,1.12,2446.64,2465.55,2444.67,691813,9817111,1642766226,1
20180517,2448.45,1.59,11.73,1.12,2468.72,2472.82,2448.43,596772,8190532,1634548231,2
20180518,2460.65,1.58,11.79,1.12,2459.73,2461.95,2452.34,431377,6463039,1643541494,1
20180521,2465.57,1.58,11.81,1.13,2464.07,2472.3,2447.69,588088,6298421,1646798799,1
20180523,2471.91,1.57,11.84,1.13,2462.98,2476.86,2460.07,752676,9262009,1651604786,1
20180524,2466.01,1.58,11.81,1.13,2477.48,2481.31,2457.84,638126,6766220,1647251127,2
20180525,2460.8,1.58,11.79,1.12,2452.8,2466.57,2444.77,653592,9078584,1645067822,2
20180528,2478.96,1.57,11.88,1.13,2465,2482.4,2463.14,708362,9841222,1656584844,1
20180529,2457.25,1.58,11.77,1.12,2476.7,2479.68,2457.18,571837,8532894,1641963442,2
20180530,2409.03,1.62,11.54,1.1,2446.81,2449.88,2399.58,575922,8999466,1609052659,2
20180531,2423.01,1.61,11.61,1.11,2428.83,2430.15,2415.5,816930,13252142,1619387832,1
20180601,2438.96,1.6,11.69,1.11,2419.63,2445.31,2418.11,603023,8767489,1630337823,1
20180604,2447.76,1.59,11.73,1.12,2444.62,2452.67,2441.25,438929,7770705,1636442670,1
20180605,2453.76,1.59,11.69,1.11,2450.39,2455.78,2432.81,501364,7344811,1640471133,1
20180607,2470.58,1.57,11.77,1.11,2468.26,2478.67,2466.01,474147,8060721,1650987317,1
20180608,2451.58,1.59,11.68,1.11,2467.88,2468.27,2449.11,530160,7672722,1638226631,2
20180611,2470.15,1.57,11.77,1.11,2454.25,2470.99,2448,427947,7025547,1649425579,1
20180612,2468.83,1.58,11.74,1.11,2474.78,2479.56,2462.84,613166,9615204,1648939548,2
20180614,2423.48,1.61,11.51,1.09,2450.86,2451.95,2422.37,533448,9754344,1619121450,2
20180615,2404.04,1.62,11.42,1.08,2432.18,2433.51,2403.97,502362,9089895,1605379381,2
20180618,2376.24,1.64,11.29,1.07,2404.68,2405.56,2365.31,564819,8593501,1586801749,2
20180619,2340.11,1.66,11.12,1.05,2373.12,2379.49,2336.54,606305,7994621,1562923311,2
20180620,2363.91,1.65,11.23,1.06,2350.24,2374.52,2345.22,456004,6986902,1578520494,1
20180621,2337.83,1.67,11.11,1.05,2364.16,2370.58,2337.83,438264,6784647,1561394173,2
20180622,2357.22,1.65,11.2,1.06,2323.08,2357.4,2320.76,537264,6604291,1574319861,1
20180625,2357.88,1.65,11.2,1.06,2351.89,2361.39,2337.22,415080,5683867,1574954888,1
20180626,2350.92,1.66,11.17,1.06,2334.75,2358.01,2326.61,470915,6536279,1570771913,2
20180627,2342.03,1.66,11.13,1.06,2349.38,2358.71,2342.02,526625,7007326,1565467895,2
20180628,2314.24,1.68,11,1.04,2327.37,2335.35,2310.8,414371,5775390,1546538948,2
20180629,2326.13,1.67,11.05,1.05,2325.68,2329.58,2296.39,396663,6309714,1554717340,1
20180702,2271.54,1.71,10.79,1.02,2322.23,2327.59,2271.53,393266,5990018,1518812068,2
20180703,2272.76,1.71,10.8,1.02,2285.88,2287.39,2252.36,366028,6002086,1519169825,1
20180704,2265.46,1.72,10.76,1.02,2270.95,2280.81,2261.34,315103,4880995,1514392988,2
20180705,2257.55,1.73,10.73,1.02,2264.74,2274.74,2243.9,346884,5166569,1509639742,2
20180706,2272.87,1.71,10.8,1.02,2261.44,2283.75,2247.35,344433,6358358,1519066700,1
20180709,2285.8,1.7,10.86,1.03,2276.92,2294.61,2267.25,352639,5796356,1527555840,1
20180710,2294.16,1.7,10.9,1.03,2299.09,2305.84,2292.13,339919,5038809,1533821001,1
20180711,2280.62,1.71,10.84,1.03,2277.22,2287.08,2262.77,422989,5700945,1524675252,2
20180712,2285.06,1.7,10.86,1.03,2285.93,2298.56,2277.73,364408,6157667,1527075840,1
20180713,2310.9,1.68,10.98,1.04,2293.07,2313.8,2293.07,291563,6500718,1543892668,1
20180716,2301.99,1.7,10.91,1.03,2312.26,2317.84,2299.79,297122,4968950,1538124414,2
20180717,2297.92,1.7,10.89,1.03,2302.95,2306.07,2290.24,379034,4897899,1535441962,2
20180718,2290.11,1.7,10.86,1.03,2313.78,2319.39,2287.1,402772,5032249,1531112600,2
20180719,2282.29,1.71,10.82,1.03,2298.91,2300.18,2278.94,464516,5431162,1526048347,2
20180720,2289.19,1.7,10.86,1.03,2281.36,2293.34,2269.55,353236,4910685,1531651201,1
20180723,2269.31,1.72,10.77,1.02,2289.61,2289.61,2264.42,334291,5549482,1517777198,2
20180724,2280.2,1.71,10.82,1.03,2273.15,2284.43,2263.13,436133,5831914,1525094802,1
20180725,2273.03,1.72,10.78,1.02,2284.38,2292.61,2269.67,309320,6142620,1520152854,2
20180726,2289.06,1.7,10.86,1.03,2284.51,2297.16,2276.54,303334,6357106,1530914784,1
20180727,2294.99,1.7,10.89,1.03,2292.33,2295.27,2284.44,262144,5091587,1535382663,1
20180730,2293.51,1.7,10.88,1.03,2290.18,2296.91,2283.29,206498,4552318,1534963942,2
20180731,2295.26,1.7,10.89,1.03,2292.23,2296.6,2286.02,223927,4878429,1536034531,1
20180801,2307.07,1.69,10.94,1.04,2301.17,2312.65,2301.13,219035,4832859,1544459955,1
20180802,2270.2,1.72,10.77,1.02,2304.14,2306.72,2265.46,352057,5042803,1519901926,2
20180803,2287.68,1.7,10.85,1.03,2278.33,2288.93,2272.94,270494,4312568,1531545566,1
20180806,2286.5,1.71,10.84,1.03,2288.51,2300.38,2283.26,244549,4607351,1529611887,2
20180807,2300.16,1.7,10.9,1.03,2290.85,2301.27,2279.55,230340,4748559,1538743025,1
20180808,2301.45,1.7,10.91,1.03,2305.73,2308.6,2298.41,299691,5518134,1540110624,1
20180809,2303.71,1.69,10.92,1.04,2303.04,2303.71,2291.91,244883,5985859,1541180723,1
20180810,2282.79,1.71,10.82,1.03,2295.21,2295.62,2277.89,286161,6186206,1526683423,2
20180813,2248.45,1.74,10.66,1.01,2266.43,2271.82,2238.55,335381,5950056,1503939154,2
20180814,2258.91,1.73,10.71,1.02,2249.86,2262.52,2247.37,255216,4872039,1510814983,1
20180816,2240.8,1.74,10.62,1.01,2233.05,2244.08,2218.09,312519,6021649,1497924104,2
20180817,2247.05,1.74,10.65,1.01,2244.61,2250.92,2240.14,238378,4645284,1502273894,1
20180820,2247.88,1.74,10.66,1.01,2257.35,2264.42,2245.06,271600,4418977,1502923724,1
20180821,2270.06,1.72,10.76,1.02,2248.04,2272.86,2244.59,294337,5182954,1518199753,1
20180822,2273.33,1.72,10.78,1.02,2273.68,2280.31,2268.91,269271,5425019,1521284194,1
20180823,2282.6,1.71,10.82,1.03,2282.57,2282.88,2268.06,338386,5238290,1527487741,1
20180824,2293.21,1.7,10.87,1.03,2276.16,2295.22,2271.35,347292,5136918,1534269102,1
20180827,2299.3,1.7,10.9,1.03,2297.32,2302.87,2289.41,307045,5766323,1538348010,1
20180828,2303.12,1.69,10.92,1.04,2312.14,2314.6,2299.45,276889,5503107,1540990368,1
20180829,2309.03,1.69,10.95,1.04,2304.66,2309.88,2300.21,268215,4807773,1545071113,1
20180830,2307.35,1.69,10.94,1.04,2313.11,2320.85,2305.46,286926,5252383,1544327570,2
20180831,2322.88,1.68,11.01,1.04,2298.13,2322.88,2295.72,255909,5525835,1554873151,1
20180903,2307.03,1.69,10.94,1.04,2317.93,2318.72,2302.17,230513,4096555,1543779721,2
20180904,2315.72,1.69,10.98,1.04,2308.96,2317.74,2302.17,277014,4551221,1549614964,1
20180905,2291.77,1.7,10.86,1.03,2310.9,2315.43,2288.01,358187,5390489,1533312914,2
20180906,2287.61,1.71,10.84,1.03,2288.8,2298.47,2284.5,387511,5679574,1529906807,2
20180907,2281.58,1.71,10.82,1.03,2278.08,2286.82,2264.9,357561,6263721,1525066818,2
20180910,2288.66,1.7,10.97,1.01,2277.35,2289.38,2276.6,312613,5599499,1529962355,1
20180911,2283.2,1.7,10.94,1,2286.91,2295.76,2275.13,368211,6188337,1525866108,2
20180912,2282.92,1.7,10.94,1,2286.28,2289.66,2271,336830,6445490,1525237665,2
20180913,2286.23,1.7,10.95,1,2285.28,2291.51,2281.63,301309,6598921,1526997038,1
20180914,2318.25,1.68,11.11,1.02,2304.7,2318.65,2304.15,292236,5839238,1549484911,1
20180917,2303.01,1.69,11.03,1.01,2314.55,2314.55,2295.26,343167,5079754,1538974310,2
20180918,2308.98,1.68,11.07,1.02,2287.73,2310.97,2287.42,309235,5794170,1544113849,1
20180919,2308.46,1.68,11.07,1.02,2319.22,2319.22,2301.79,350949,6382677,1544270949,2
20180920,2323.45,1.67,11.14,1.02,2314.41,2334.04,2311.56,289086,6468799,1554805559,1
20180921,2339.17,1.66,11.22,1.03,2332.04,2339.17,2325.12,321704,8286570,1565411084,1
20180927,2355.43,1.65,11.29,1.04,2331.7,2355.43,2331.7,279230,7299706,1576072563,1
20180928,2343.07,1.66,11.24,1.03,2356.13,2356.62,2337.47,317870,7215237,1567600410,2
20181001,2338.88,1.66,11.22,1.03,2349.64,2352.11,2333.32,278310,5541730,1565088147,2
20181002,2309.57,1.68,11.07,1.02,2338.28,2341.55,2308.9,287868,6394764,1545687250,2
20181004,2274.49,1.71,10.91,1,2311.06,2311.06,2270.22,309502,7606335,1522077632,2
20181005,2267.52,1.71,10.87,1,2269.94,2278.12,2250.99,282139,6398399,1516687626,2
20181008,2253.83,1.72,10.81,0.99,2258.73,2273.71,2253.83,214644,4478792,1507728175,2
20181010,2228.61,1.74,10.69,0.98,2256.03,2257.52,2222.95,365684,8836408,1491298711,2
20181011,2129.67,1.82,10.21,0.94,2176.16,2186.69,2129.67,411919,8335699,1425862544,2
20181012,2161.85,1.8,10.37,0.95,2131.66,2173.01,2129.13,292574,6085084,1447954874,1
20181015,2145.12,1.81,10.29,0.94,2155.34,2159.23,2141.28,259176,4708940,1436393187,2
20181016,2145.12,1.81,10.29,0.94,2156,2161.76,2140.19,222512,3936708,1436739590,0
20181017,2167.51,1.79,10.4,0.95,2169.44,2182.77,2159.37,275160,5284969,1451605026,1
20181018,2148.31,1.81,10.3,0.95,2158.8,2168.01,2146.61,321763,4229127,1438938481,2
20181019,2156.26,1.8,10.34,0.95,2130.06,2158.78,2117.62,351771,4875051,1444034123,1
20181022,2161.71,1.8,10.37,0.95,2143.08,2163.21,2136.92,308740,3910411,1447338908,1
20181023,2106.1,1.84,10.1,0.93,2147.3,2148.8,2094.69,373468,6995702,1410671810,2
20181024,2097.58,1.85,10.06,0.92,2119.19,2121.36,2092.1,399734,6490107,1404498959,2
20181025,2063.3,1.88,9.9,0.91,2046.67,2066.06,2033.81,376015,7607756,1381218885,2
20181026,2027.15,1.92,9.73,0.89,2066.57,2066.57,2008.86,449198,6688109,1357749078,2
20181029,1996.05,1.95,9.58,0.88,2026.68,2045.76,1993.77,427305,6359734,1337548193,2
20181030,2014.69,1.93,9.67,0.89,1985.95,2028.84,1985.95,441585,7022060,1350728242,1
20181031,2029.69,1.91,9.74,0.89,2022.84,2030.5,2006.63,373028,6347336,1361478010,1
20181101,2024.46,1.92,9.72,0.89,2035.11,2054.22,2023.43,343814,5965853,1357721489,2
20181102,2096,1.85,10.06,0.92,2046.61,2096.63,2044.94,371979,6798069,1405334524,1
20181105,2076.92,1.87,9.97,0.91,2079.81,2080.49,2052.67,361302,4917286,1392607296,2
20181106,2089.62,1.86,10.03,0.92,2085.81,2092.61,2068.59,315816,5143563,1400793160,1
20181107,2078.69,1.87,9.98,0.92,2090.32,2107.63,2072.48,485225,6452004,1394112654,2
20181108,2092.63,1.86,10.05,0.92,2109.97,2120.88,2092.36,328035,5987515,1403264489,1
20181109,2086.09,1.86,10.01,0.92,2093.89,2101.92,2082.47,298072,5260640,1399495753,2
20181112,2080.44,1.87,9.99,0.92,2065.92,2087.24,2065.52,295529,5542962,1396015015,2
20181113,2071.23,1.88,9.94,0.91,2047.62,2072.03,2032.05,383421,5865351,1389821571,2
20181114,2068.05,1.88,9.93,0.91,2071.41,2075.12,2060.86,339046,5561969,1387531773,2
20181115,2088.06,1.86,10.03,0.92,2061.47,2088.61,2058.73,351043,4828620,1400644704,1
20181116,2092.4,1.86,10.05,0.92,2097.94,2103.11,2086.54,301605,4837652,1403214070,1
20181119,2100.56,1.85,10.09,0.93,2096.13,2111.39,2089.37,273198,4703757,1407580891,1
20181120,2082.58,1.86,10,0.92,2074.67,2089.54,2074.67,281685,5043725,1394320913,2
20181121,2076.55,1.87,9.97,0.91,2057.07,2077.49,2049.76,267904,5151649,1389907927,2
20181122,2069.95,1.88,9.94,0.91,2079.01,2081.75,2066.2,242499,4152746,1385804544,2
20181123,2057.48,1.89,9.88,0.91,2073.26,2075.91,2047.96,227202,3774227,1377477157,2
20181126,2083.02,1.86,10,0.92,2060.17,2083.96,2060.17,237711,4482314,1394139024,1
20181127,2099.42,1.85,10.08,0.92,2091.75,2102.29,2079.49,239211,4554649,1405263074,1
20181128,2108.22,1.84,10.12,0.93,2104.13,2108.65,2094.32,300076,4793983,1410935094,1
20181129,2114.1,1.84,10.15,0.93,2133.95,2136.74,2108.9,307230,5304159,1414953064,1
20181130,2096.86,1.85,10.07,0.92,2116.83,2122.33,2093.83,427355,7316751,1403482458,2
20181203,2131.93,1.82,10.24,0.94,2127.78,2136.64,2113.6,436588,5571246,1427528843,1
20181204,2114.35,1.84,10.16,0.93,2125.67,2128.94,2105.45,507518,5539553,1414637237,2
20181205,2101.31,1.85,10.1,0.93,2086.57,2107.69,2086.57,492716,4802793,1405505402,2
20181206,2068.69,1.88,9.94,0.91,2094.62,2094.62,2064,537410,5606457,1383505179,2
20181207,2075.76,1.87,9.89,0.89,2081.68,2086.84,2065.62,371591,4318800,1389034610,1
20181210,2053.79,1.89,9.79,0.88,2048.45,2061.78,2043.21,344164,4697529,1373936929,2
20181211,2052.97,1.89,9.78,0.88,2058.16,2060.94,2047.17,273933,5020322,1373342570,2
20181212,2082.57,1.89,9.78,0.88,2062.77,2084.77,2061.13,457127,5613049,1371559154,1
20181213,2095.55,1.88,9.84,0.89,2087.43,2104.43,2084.37,379819,7941966,1379759768,1
20181214,2069.38,1.9,9.72,0.88,2095.64,2095.64,2061.4,448238,5784242,1362231208,2
20181217,2071.09,1.9,9.73,0.88,2071.21,2075.93,2065.51,444522,4764477,1363331838,1
20181218,2062.11,1.91,9.69,0.88,2057.39,2074.31,2054.26,429530,5241610,1358110563,2
20181219,2078.84,1.89,9.77,0.88,2068.95,2080.65,2063.01,418797,5124895,1368928571,1
20181220,2060.12,1.91,9.68,0.88,2063.7,2071.08,2047.52,421065,5483090,1356169266,2
20181221,2061.49,1.91,9.68,0.88,2052.7,2061.51,2049.76,311389,5492538,1357352795,1
20181224,2055.01,1.91,9.65,0.87,2050.38,2059.94,2046.18,285275,3843849,1352900456,2
20181226,2028.01,1.94,9.53,0.86,2028.81,2037.83,2014.28,321499,5424078,1336757289,2
20181227,2028.44,1.94,9.53,0.86,2032.09,2035.57,2021.39,398021,5351004,1335555862,1
20181228,2041.04,1.93,9.58,0.87,2036.7,2046.97,2035.41,352678,4120696,1343971858,1
20190102,2010,1.96,9.44,0.85,2050.55,2053.45,2004.27,326368,4295872,1323645397,2
20190103,1993.7,1.97,9.36,0.85,2011.81,2014.72,1991.65,427976,5358519,1312758913,2
20190104,2010.25,1.96,9.44,0.85,1992.4,2011.56,1984.53,408991,5490148,1323719373,1
20190107,2037.1,1.93,9.57,0.87,2034.24,2048.06,2030.9,440191,5301385,1342381871,1
20190108,2025.27,1.94,9.52,0.86,2038.68,2042.7,2023.59,397831,4826642,1333996221,2
20190109,2064.71,1.9,9.7,0.88,2034.19,2068.23,2034.19,386248,5532689,1360852002,1
20190110,2063.28,1.9,9.7,0.88,2065.73,2072.81,2057.16,382877,5434257,1359857820,2
20190111,2075.57,1.89,9.75,0.88,2070.36,2076.99,2063.99,380061,4592461,1368311381,1
20190114,2064.52,1.9,9.7,0.88,2070.49,2073.94,2059.46,432891,4941021,1360565231,2
20190115,2097.18,1.87,9.85,0.89,2069.14,2098.01,2067.58,439489,5236964,1382450778,1
20190116,2106.1,1.87,9.89,0.9,2098.65,2106.35,2091.92,500078,5352467,1388695520,1
20190117,2107.06,1.87,9.9,0.9,2110.14,2117.43,2101.7,475885,5857767,1389975887,1
20190118,2124.28,1.85,9.98,0.9,2116.43,2124.5,2113.44,456738,5356125,1401233933,1
20190121,2124.61,1.85,9.98,0.9,2133.87,2134.17,2114.45,398035,5320635,1401780024,1
20190122,2117.77,1.86,9.95,0.9,2126.03,2129.37,2108.91,419441,4897406,1397318462,2
20190123,2127.78,1.85,10,0.9,2108.72,2131.05,2106.74,408600,5170562,1403936954,1
20190124,2145.03,1.83,10.08,0.91,2127.88,2145.08,2125.48,413652,6035836,1415738358,1
20190125,2177.73,1.81,10.23,0.93,2147.92,2178.01,2146.64,410002,7065652,1437842917,1
20190128,2177.3,1.81,10.23,0.93,2184.41,2188.15,2169.17,371619,6060559,1437491623,2
20190129,2183.36,1.8,10.26,0.93,2172.83,2183.36,2162.53,552587,6504583,1441345149,1
20190130,2206.2,1.78,10.36,0.94,2183.49,2206.2,2177.88,480390,6875693,1456059990,1
20190131,2204.85,1.78,10.36,0.94,2222.88,2222.88,2201.22,545248,7762307,1455505296,2
20190201,2203.46,1.78,10.35,0.94,2211.93,2218.78,2201.41,479379,6874000,1454699811,2
20190207,2203.42,1.78,10.35,0.94,2215.77,2215.79,2196.77,427843,6339361,1454323219,2
20190208,2177.05,1.81,10.23,0.93,2192.01,2192.48,2171.96,391029,5728530,1436388009,2
20190211,2180.73,1.8,10.24,0.93,2180.54,2181.58,2167.36,406060,5327610,1438816002,1
20190212,2190.47,1.79,10.29,0.93,2182.71,2195.05,2178.59,429940,5929463,1446167643,1
20190213,2201.48,1.77,10.41,0.94,2200,2203.71,2194.75,421990,5585495,1453501271,1
20190214,2225.85,1.75,10.52,0.95,2195.92,2225.85,2186.09,573362,6426023,1469357631,1
20190215,2196.09,1.77,10.38,0.94,2210.94,2210.94,2187.71,400592,5097631,1449296807,2
20190218,2210.89,1.76,10.45,0.95,2207.36,2217.32,2203,314371,4668187,1458936951,1
20190219,2205.63,1.77,10.43,0.94,2208.96,2213.87,2193.34,389094,4534559,1455230607,2
20190220,2229.76,1.75,10.55,0.96,2216.74,2234.68,2213.83,374342,5948417,1471936800,1
20190221,2228.66,1.75,10.54,0.95,2224.26,2234.31,2213.19,382511,5480910,1471404503,2
20190222,2230.5,1.75,10.55,0.96,2222.32,2230.5,2217.08,409311,4645184,1472581253,1
20190225,2232.56,1.74,10.56,0.96,2241.13,2241.76,2224.64,339234,4689861,1473911027,1
20190226,2226.6,1.75,10.53,0.95,2230.37,2235.7,2221.76,331962,5024238,1469933630,2
20190227,2234.79,1.74,10.57,0.96,2234.46,2237.77,2228.16,301513,4914613,1475176574,1
20190228,2195.44,1.77,10.38,0.94,2231.58,2233.93,2195.44,510022,8307296,1448767024,2
20190304,2190.66,1.78,10.36,0.94,2210.97,2216.02,2188.56,373166,6405237,1445642000,2
20190305,2179.23,1.79,10.31,0.93,2183.35,2185.74,2171.33,313146,4980941,1437785626,2
20190306,2175.6,1.79,10.29,0.93,2177.11,2179.01,2168.46,328943,4828088,1435423977,2
20190307,2165.79,1.8,10.25,0.93,2173.19,2181.19,2155.19,292578,4858919,1429496102,2
20190308,2137.44,1.82,10.11,0.92,2152.8,2159.67,2137.44,313315,4497331,1410568350,2
20190311,2138.1,1.82,10.11,0.92,2140.29,2145.31,2125.54,272103,4077476,1410561695,1
20190312,2157.18,1.8,10.21,0.92,2154.61,2161.69,2150.96,355283,4222805,1424679601,1
20190313,2148.41,1.81,10.16,0.92,2152.66,2154.11,2134.16,285601,4088451,1419083070,2
20190314,2155.68,1.81,10.2,0.92,2154.35,2158.34,2142.31,341010,5882524,1423787458,1
20190315,2176.11,1.79,10.3,0.93,2152.96,2181.77,2152.59,387136,6821324,1437037921,1
20190318,2179.49,1.79,10.31,0.93,2179.69,2183.9,2172.34,257951,4093226,1439426928,1
20190319,2177.62,1.79,10.3,0.93,2183.03,2183.76,2171.05,319703,3867859,1438506503,2
20190320,2177.1,1.79,10.3,0.93,2171.41,2177.19,2152.21,317607,4175741,1438253703,2
20190321,2184.88,1.78,10.34,0.94,2183.11,2200.32,2173.7,342747,6229925,1445055041,1
20190322,2186.95,1.78,10.34,0.94,2192.72,2195.42,2178.77,333618,6881723,1446842700,1
20190325,2144.86,1.81,10.15,0.92,2158.8,2159.25,2143.7,307071,4136472,1418438627,2
20190326,2148.8,1.81,10.17,0.92,2152.98,2153.9,2143.63,301254,4248900,1421123429,1
20190327,2145.62,1.81,10.14,0.92,2147.19,2152.91,2132.42,363169,4490156,1419130932,2
20190328,2128.1,1.83,10.06,0.91,2131.25,2136.4,2120.93,288036,4403906,1409454256,2
20190329,2140.67,1.81,10.13,0.92,2138.45,2143.3,2124.07,364619,5248941,1417246091,1
20190401,2168.28,1.79,10.26,0.93,2153.31,2171.49,2153.31,263313,4365111,1435481137,1
20190402,2177.18,1.78,10.3,0.94,2177.2,2181.37,2171.84,257453,4247457,1441635795,1
20190403,2203.27,1.76,10.43,0.95,2176.81,2203.29,2172.83,358645,5466969,1458945251,1
20190404,2206.53,1.76,10.44,0.95,2201.04,2216.15,2198.66,431013,4857554,1461266734,1
20190405,2209.61,1.76,10.46,0.95,2206.36,2214.82,2205.26,517153,4215787,1463238721,1
20190408,2210.6,1.76,10.46,0.95,2217.66,2217.87,2202.49,347910,4660047,1464185952,1
20190409,2213.56,1.75,10.48,0.95,2212.32,2221.62,2203.54,414809,4904130,1466472415,1
20190410,2224.39,1.75,10.53,0.96,2206.2,2225.02,2203.82,399695,5135094,1473098587,1
20190411,2224.44,1.75,10.53,0.96,2227.69,2230.41,2217.18,402016,6022087,1473103446,1
20190412,2233.45,1.74,10.57,0.96,2221.1,2233.45,2212.88,449634,6098418,1479300935,1
20190415,2242.88,1.73,10.61,0.96,2242.31,2251.22,2240.29,404160,6668129,1485758717,1
20190416,2248.63,1.73,10.64,0.97,2241.06,2249.89,2235.72,569056,7083491,1489660939,1
20190417,2245.89,1.73,10.63,0.97,2249.05,2252.05,2242.01,452475,5586184,1488430885,2
20190418,2213.77,1.75,10.48,0.95,2248.8,2250.11,2210.43,573343,6501104,1467185238,2
20190419,2216.15,1.75,10.49,0.95,2223.42,2225.37,2215.58,525264,4965672,1468420930,1
20190422,2216.65,1.75,10.49,0.95,2218.5,2227.94,2207.25,493984,4639971,1468803477,1
20190423,2220.51,1.75,10.51,0.95,2217.61,2223.92,2212.14,481178,4922938,1471093768,1
20190424,2201.03,1.76,10.42,0.95,2229.75,2229.75,2190.29,575100,6342430,1459265699,2
20190425,2190.5,1.77,10.37,0.94,2195.47,2200.89,2187.44,441137,5610697,1452279955,2
20190426,2179.31,1.78,10.31,0.94,2178.13,2186.52,2168.15,570172,5346146,1445304534,2
20190429,2216.43,1.75,10.49,0.95,2183.41,2216.43,2181.82,380823,4985906,1469579229,1
20190430,2203.59,1.76,10.43,0.95,2213.43,2215.77,2186.33,381414,5697107,1461526970,2
20190502,2212.75,2.03,11.47,0.95,2192.94,2217.03,2191.3,369059,5026634,1467462907,1
20190503,2196.32,2.05,11.38,0.94,2209.44,2211.36,2192.36,617878,5297907,1456663139,2
20190507,2176.99,2.07,11.28,0.93,2172.39,2179.51,2160.44,484097,5467057,1443681621,2
20190508,2168.01,2.07,11.24,0.93,2151.34,2179.34,2151.34,456334,5170591,1437428069,2
20190509,2102.01,2.14,10.89,0.9,2159.79,2164.98,2102.01,743507,8236438,1393596819,2
20190510,2108.04,2.13,10.92,0.9,2118.42,2124.92,2090.39,714766,6407849,1397898972,1
20190513,2079.01,2.16,10.77,0.89,2091.8,2101.09,2077.72,505751,4601111,1378695079,2
20190514,2081.84,2.16,10.79,0.89,2060.24,2093.41,2056.74,696195,5865912,1379906843,1
20190515,2092.78,2.15,10.84,0.89,2081.92,2100.01,2076.46,577795,5052873,1386708606,1
20190516,2067.69,2.18,10.71,0.88,2094.88,2095.58,2062.44,745164,6042440,1369732050,2
20190517,2055.8,2.19,10.65,0.88,2081.57,2082.83,2053.79,537380,5378895,1361632447,2
20190520,2055.71,2.19,10.65,0.88,2066.53,2077.1,2051.69,640195,4889671,1361781952,2
20190521,2061.25,2.18,10.68,0.88,2056.95,2076.47,2053.69,526859,5272369,1366112085,1
20190522,2064.86,2.18,10.69,0.88,2068.65,2070.8,2048.01,509974,4637965,1368593282,1
20190523,2059.59,2.19,10.67,0.88,2063.25,2065.86,2046.82,509269,4819255,1365939860,2
20190524,2045.31,2.2,10.59,0.87,2047.3,2057.38,2035.98,480648,4581386,1356099663,2
20190527,2044.21,2.2,10.59,0.87,2044.25,2055.13,2035.87,351616,3506627,1355615535,2
20190528,2048.83,2.2,10.61,0.87,2044.77,2058.42,2038.52,494479,8080273,1358437864,1
20190529,2023.32,2.22,10.49,0.87,2046.71,2046.71,2016.25,380894,4686652,1345376066,2
20190530,2038.8,2.2,10.57,0.87,2024.33,2040.66,2023.91,461850,4978843,1356387792,1
20190531,2041.74,2.2,10.59,0.87,2029.03,2048.9,2022.97,439182,5039081,1358693516,1
20190603,2067.85,2.16,11.95,0.87,2031.03,2070.58,2029.17,387146,4640457,1376865465,1
20190604,2066.97,2.16,11.95,0.87,2066.78,2072.19,2060.98,435992,4841761,1376101515,2
20190605,2069.11,2.16,11.96,0.87,2084.16,2086.49,2065.71,380157,4506228,1377885042,1
20190607,2072.33,2.15,11.98,0.87,2070.78,2081.16,2057.97,368392,4347351,1380064127,1
20190610,2099.49,2.12,12.14,0.88,2087.37,2099.65,2075.51,457641,4214044,1398084996,1
20190611,2111.81,2.11,12.21,0.89,2096.09,2114.57,2094.6,550740,4276695,1406104186,1
20190612,2108.75,2.11,12.19,0.89,2111.66,2118.89,2104.41,693508,4661010,1404084076,2
20190613,2103.15,2.12,12.16,0.88,2104.46,2108.01,2081.92,553393,5998223,1400059108,2
20190614,2095.41,2.13,12.11,0.88,2096.32,2103.02,2087.47,473370,4716416,1395025949,2
20190617,2090.73,2.13,12.09,0.88,2091.71,2103.59,2087.25,561550,4255706,1391569061,2
20190618,2098.71,2.12,12.13,0.88,2089.31,2103.02,2089.31,600964,4579592,1397358727,1
20190619,2124.78,2.1,12.29,0.89,2119.54,2126.74,2117.64,862980,4984534,1414680218,1
20190620,2131.29,2.09,12.32,0.9,2121.78,2131.77,2120.42,1007159,3994784,1419450953,1
20190621,2125.62,2.1,12.29,0.89,2132.38,2132.68,2120.15,692028,5226303,1415602955,2
20190624,2126.33,2.1,12.29,0.89,2130.32,2134.48,2123.88,669640,4054921,1416221253,1
20190625,2121.64,2.1,12.27,0.89,2125.74,2136.24,2115.11,642999,4249732,1413099198,2
20190626,2121.85,2.1,12.27,0.89,2120.2,2128.25,2115.72,736852,4455865,1413592489,1
20190627,2134.32,2.09,12.34,0.9,2120.73,2141.27,2118.22,644900,5122462,1421656475,1
20190628,2130.62,2.09,12.32,0.9,2135.06,2139.24,2123.97,537275,4282405,1419520754,2
20190701,2129.74,2.09,12.32,0.89,2147.24,2147.24,2126.87,412291,4730193,1419133354,2
20190702,2122.02,2.1,12.27,0.89,2122.07,2130.86,2112.52,460830,4107542,1413906577,2
20190703,2096.02,2.13,12.12,0.88,2120.75,2127.71,2093.32,522709,4615984,1396737259,2
20190704,2108.73,2.11,12.2,0.89,2102.36,2108.8,2088.97,446933,4542738,1405237689,1
20190705,2110.59,2.11,12.21,0.89,2111,2115.43,2096.23,459391,4025814,1405984668,1
20190708,2064.17,2.16,11.94,0.87,2091.91,2092.54,2063.78,515950,4349730,1375390948,2
20190709,2052.03,2.17,11.87,0.86,2070.35,2075.3,2052.03,440122,4439841,1367889452,2
20190710,2058.78,2.17,11.91,0.86,2061.55,2068.2,2056.48,355678,3938557,1372819300,1
20190711,2080.58,2.14,12.03,0.87,2070.59,2088.24,2070.21,376675,5057466,1387530388,1
20190712,2086.66,2.14,12.07,0.88,2083.53,2090.43,2077.35,403935,3775269,1391297124,1
20190715,2082.48,2.14,12.05,0.88,2083.39,2088.34,2073.1,463520,3740180,1388670529,2
20190716,2091.87,2.13,12.1,0.88,2084.46,2096.67,2078.74,682803,5284193,1394462439,1
20190717,2072.92,2.15,11.99,0.87,2079.91,2080.01,2063.49,761626,4643512,1381856024,2
20190718,2066.55,2.16,11.95,0.87,2068.66,2073.2,2061.33,446644,3939884,1377591720,2
20190719,2094.36,2.13,12.11,0.88,2080.21,2096.73,2076.51,394904,4198432,1396345455,1
20190722,2093.34,2.13,12.11,0.88,2090.35,2099.34,2087.51,332630,3206207,1395686188,2
20190723,2101.45,2.12,12.16,0.88,2095.76,2106.39,2095.38,648124,4601030,1401179456,1
20190724,2082.3,2.14,12.04,0.87,2097.16,2105.68,2080.66,851393,4233306,1387937020,2
20190725,2074.48,2.15,12,0.87,2085.67,2088.81,2061.08,598634,5207430,1383500621,2
20190726,2066.26,2.16,11.95,0.87,2063.35,2068.16,2054.64,589074,5138752,1378062581,2
20190729,2029.48,2.2,11.74,0.85,2059.13,2063.13,2025.01,608671,4681216,1353730489,2
20190730,2038.68,2.19,11.79,0.86,2035.32,2044.59,2032.61,547030,3877489,1359687443,1
20190731,2024.55,2.2,11.71,0.85,2036.46,2041.16,2010.95,589386,5532913,1349751512,2
20190801,2017.34,2.21,11.67,0.85,2015.09,2032.23,2009.33,461743,4443150,1344605608,2
20190802,1998.13,2.23,11.56,0.84,1995.31,2005.31,1987.12,438538,5338221,1331726021,2
20190805,1946.98,2.29,11.26,0.82,1985.93,1987.64,1945.39,639604,6599771,1298224309,2
20190806,1917.5,2.32,11.09,0.81,1900.36,1948.53,1891.81,739588,7179083,1278708146,2
20190807,1909.71,2.33,11.05,0.8,1925.33,1929.29,1901.61,760777,5373398,1273695154,2
20190808,1920.61,2.32,11.11,0.81,1926.28,1937.95,1915.81,777166,6769546,1280853902,1
20190809,1937.75,2.3,11.21,0.81,1940.06,1946.94,1936.14,654344,5051265,1292314442,1
20190812,1942.29,2.29,11.23,0.82,1941.53,1949.19,1933.25,427141,3997755,1295503767,1
20190813,1925.83,2.31,11.14,0.81,1928.76,1937.68,1923.58,660041,4340209,1284457198,2
20190814,1938.37,2.3,11.21,0.81,1946.18,1952.22,1937.23,699585,5076486,1293001857,1
20190816,1927.17,2.31,11.15,0.81,1921.49,1927.7,1911.72,421682,4274269,1286042560,2
20190819,1939.9,2.3,11.22,0.82,1936.64,1943.09,1931.44,481022,3771542,1294140224,1
20190820,1960.25,2.27,11.34,0.82,1942.99,1964.16,1937.53,463605,4130253,1308076037,1
20190821,1964.65,2.27,11.36,0.83,1954.57,1971.12,1954.47,391568,3821801,1310906717,1
20190822,1951.01,2.28,11.29,0.82,1966.6,1967.96,1951.01,435565,4095130,1301909074,2
20190823,1948.3,2.29,11.27,0.82,1942.42,1953.85,1940.6,381087,3498465,1299891726,2
20190826,1916.31,2.33,11.08,0.81,1915.34,1924.49,1909.92,324853,3751276,1278910759,2
20190827,1924.6,2.32,11.13,0.81,1928.98,1937.42,1919.28,427042,5037420,1284739456,1
20190828,1941.09,2.3,11.23,0.82,1929.96,1943.62,1926.43,284344,3288745,1295572074,1
20190829,1933.41,2.31,11.18,0.81,1943.55,1947.15,1928.49,285103,3709596,1290373159,2
20190830,1967.79,2.26,11.38,0.83,1951.66,1971.21,1951.3,317733,4371489,1313598665,1
20190902,1969.19,2.26,11.39,0.83,1961.19,1973.25,1958.59,262154,2924232,1314134426,1
20190903,1965.69,2.27,11.37,0.83,1966.5,1976.37,1960.15,342077,3916058,1311680052,2
20190904,1988.53,2.24,13.57,0.82,1962.43,1988.53,1962.08,348722,4133684,1326785678,1
20190905,2004.75,2.22,13.68,0.82,1993.62,2015.39,1992.51,488067,5556532,1338476908,1
20190906,2009.13,2.22,13.71,0.83,2016.11,2017.2,2005.69,384441,3667155,1341565100,1
20190909,2019.55,2.21,13.78,0.83,2013.38,2029.8,2013.28,511821,4401822,1348800308,1
20190910,2032.08,2.19,13.86,0.84,2024.79,2034.28,2021.58,504391,4458785,1356956833,1
20190911,2049.2,2.17,13.98,0.84,2043.72,2050.8,2040.04,429075,5997521,1368161367,1
20190916,2062.22,2.16,14.07,0.85,2056.26,2062.22,2044.8,493516,5676634,1376560744,1
20190917,2062.33,2.16,14.08,0.85,2058.72,2066.33,2055.17,507995,4572241,1376689373,1
20190918,2070.73,2.15,14.13,0.85,2064.42,2075.63,2058.52,613148,4849404,1382698755,1
20190919,2080.35,2.14,14.2,0.86,2070.53,2089.81,2070.53,493038,4796838,1390937570,1
20190920,2091.52,2.13,14.28,0.86,2080.86,2092.37,2077.3,589920,5401657,1398474982,1
20190923,2091.7,2.13,14.28,0.86,2087.7,2095.54,2085.6,420948,4095774,1398458459,1
20190924,2101.04,2.12,14.34,0.86,2090.19,2101.63,2085.91,535771,4406729,1404448759,1
20190925,2073.39,2.15,14.16,0.85,2093.47,2095.27,2072.41,651552,5181992,1386072582,2
20190926,2074.52,2.15,14.17,0.85,2082.66,2087.33,2064.34,430577,4656831,1387334939,1
20190927,2049.93,2.17,14,0.84,2066.96,2066.96,2044.75,285943,3489261,1370704841,2
20190930,2063.05,2.16,14.09,0.85,2045.77,2064.99,2042.01,327625,3709169,1379383990,1
20191001,2072.42,2.15,14.16,0.85,2062.44,2077.48,2057.91,389336,3869998,1385453397,1
20191002,2031.91,2.19,13.87,0.84,2058.23,2058.23,2031.91,414460,3933922,1358586985,2
20191004,2020.69,2.2,13.8,0.83,2028.4,2039.43,2020.69,402941,3963264,1351390761,2
20191007,2021.73,2.2,13.8,0.83,2031.53,2034.94,2016.19,322185,3412076,1351980509,1
20191008,2046.25,2.18,13.97,0.84,2029.37,2046.81,2024.63,437517,4256284,1368408579,1
20191010,2028.15,2.2,13.85,0.83,2030.13,2040.88,2010.9,445846,5612446,1356703391,2
20191011,2044.61,2.18,13.96,0.84,2048.08,2053.94,2040.48,381147,3790613,1367727114,1
20191014,2067.4,2.15,14.12,0.85,2068.13,2075.1,2065.53,511216,4579415,1382961057,1
20191015,2068.17,2.15,14.12,0.85,2064.78,2073.21,2064.34,464534,4138986,1383418737,1
20191016,2082.83,2.14,14.22,0.86,2080.92,2090.01,2073.8,524545,4463659,1393413065,1
20191017,2077.94,2.14,14.19,0.86,2081.76,2087.15,2072.49,314177,3484054,1390071922,2
20191018,2060.69,2.16,14.07,0.85,2082.23,2088.54,2057.89,516688,5429307,1378751961,2
20191021,2064.84,2.16,14.09,0.85,2067.97,2067.97,2059.33,606109,3598366,1381669312,1
20191022,2088.86,2.13,14.26,0.86,2076.29,2093.81,2073.08,504063,4811063,1398014600,1
20191023,2080.62,2.14,14.2,0.86,2086.81,2088.25,2074.88,429453,5110884,1392517281,2
20191024,2085.66,2.13,14.23,0.86,2089.85,2089.85,2067.9,367717,5208814,1396059213,1
20191025,2087.89,2.13,14.25,0.86,2091.16,2091.24,2079.3,348686,4429329,1397792838,1
20191028,2093.6,2.13,14.29,0.86,2096.67,2104.39,2089.76,269234,3853805,1401486783,1
20191029,2092.69,2.13,14.29,0.86,2103.92,2105.17,2088.04,357662,4067890,1400636742,2
20191030,2080.27,2.14,14.2,0.86,2093.51,2093.51,2075.54,415552,5051508,1395052465,2
20191031,2083.48,2.13,14.23,0.86,2089.22,2103.71,2083.48,461323,5777341,1397134900,1
20191101,2100.2,2.12,14.34,0.87,2084.79,2100.42,2081.53,418314,4599473,1408824195,1
20191104,2130.24,2.09,14.55,0.88,2111.32,2130.83,2111.32,476257,5636693,1429190862,1
20191105,2142.64,2.08,14.64,0.88,2133.66,2143.12,2128.7,400644,5181344,1437952192,1
20191106,2144.15,2.07,14.65,0.88,2142.69,2156.23,2138.83,410085,5680105,1439014571,1
20191107,2144.29,2.07,14.65,0.88,2141.05,2147.01,2135.45,425663,5134908,1439008869,1
20191108,2137.23,2.08,14.6,0.88,2154.18,2155.94,2133.75,574127,5969290,1433704068,2
20191111,2124.09,2.09,14.51,0.88,2139.07,2139.07,2119.07,617266,5346846,1425038219,2
20191112,2140.92,2.08,14.62,0.88,2131.26,2140.94,2121.8,610429,5743924,1436296710,1
20191113,2122.45,2.09,14.5,0.87,2132.48,2133.37,2118.67,664366,5376791,1425460703,2
20191114,2139.23,2.08,14.62,0.88,2127.54,2139.23,2121.32,521110,6080226,1435960435,1
20191115,2162.18,2.06,14.78,0.89,2137.96,2165.02,2135.26,556246,5694837,1451470352,1
20191118,2160.69,2.06,14.77,0.89,2161.89,2165.89,2151.97,489233,4450920,1450349809,2
20191119,2153.24,2.06,14.72,0.89,2151.04,2154.41,2137.01,826885,5605578,1446140184,2
20191120,2125.32,2.09,14.53,0.88,2140.06,2145.97,2123.8,581056,5583377,1427359929,2
20191121,2096.6,2.12,14.33,0.86,2123.65,2125.36,2088.19,579555,5437430,1407600551,2
20191122,2101.96,2.11,14.37,0.87,2098.89,2106.42,2093.99,519852,4310268,1411508256,1
20191125,2123.5,2.09,14.51,0.88,2117.14,2130.04,2116.07,397676,4288509,1426007087,1
20191126,2121.35,2.09,14.5,0.87,2129.27,2139.64,2120.85,532600,7636051,1424956839,2
20191127,2127.85,2.09,14.55,0.88,2134.47,2136.3,2118.07,367796,4318300,1429134191,1
20191128,2118.6,2.1,14.48,0.87,2116.93,2127.75,2116.58,335227,4483257,1422661068,2
20191129,2087.96,2.13,14.27,0.86,2125.53,2125.53,2085.1,433261,5100927,1401938202,2
20191202,2091.92,2.12,14.3,0.86,2097.55,2103.87,2088.92,385344,4515836,1404938499,1
20191203,2084.07,2.13,17.25,0.84,2075.02,2085.71,2066.6,450040,4709540,1399615358,2
20191204,2068.89,2.15,17.12,0.84,2070.84,2072.91,2057.45,347003,5085779,1389618756,2
20191205,2060.74,2.16,17.05,0.84,2078.31,2084.29,2053.56,472188,4625011,1384402800,2
20191206,2081.85,2.13,17.23,0.84,2072.44,2084.44,2070.17,440188,4215044,1398777600,1
20191209,2088.65,2.13,17.28,0.85,2091.94,2093.81,2084.31,393127,3982512,1403184169,1
20191210,2098,2.12,17.36,0.85,2081.22,2100.48,2080.16,500064,4172975,1409366037,1
20191211,2105.62,2.11,17.43,0.85,2098.28,2109.22,2092.48,668731,4837221,1414435814,1
20191212,2137.35,2.08,17.69,0.87,2120.13,2138.93,2120.13,584637,8339490,1436302524,1
20191213,2170.25,2.05,17.97,0.88,2164.63,2170.25,2159.45,540027,6253216,1458776009,1
20191216,2168.15,2.05,17.95,0.88,2168.05,2175.01,2166.29,377054,4561208,1457529847,2
20191217,2195.68,2.02,18.18,0.89,2179.4,2196.01,2171.09,599534,6380891,1476694264,1
20191218,2194.76,2.02,18.18,0.89,2194.92,2204.04,2187.32,591106,5519070,1476402879,2
20191219,2196.56,2.02,18.19,0.89,2199.42,2204.73,2186.59,643144,5262212,1476809948,1
20191220,2204.18,2.01,18.25,0.89,2205.57,2206.82,2194.8,646683,5020843,1481266968,1
20191223,2203.71,2.01,18.25,0.89,2208.22,2209.2,2196.43,502034,4734276,1480981911,2
20191224,2190.08,2.03,18.14,0.89,2206.23,2206.23,2187.58,569968,4756455,1472110435,2
20191226,2197.93,2.02,18.2,0.89,2192.22,2198.01,2183.9,571309,4795110,1477949501,1
20191227,2204.21,2.01,18.25,0.89,2183.7,2215.55,2177.4,490168,5429665,1480287931,1
20191230,2197.67,2.02,18.2,0.89,2202.62,2208.04,2195.65,416403,4113598,1475909366,2
20200102,2175.17,2.04,18.01,0.88,2201.21,2202.32,2171.84,494678,4638167,1461424794,2
20200103,2176.46,2.04,18.02,0.88,2192.58,2203.38,2165.39,631563,5763663,1462298972,1
20200106,2155.07,2.06,17.84,0.87,2154.97,2164.42,2149.95,592671,5156541,1448385085,2
20200107,2175.54,2.04,18.01,0.88,2166.6,2181.62,2164.27,568236,5143512,1462298814,1
20200108,2151.31,2.06,17.81,0.87,2156.27,2162.32,2137.72,913831,8750722,1446631314,2
20200109,2186.45,2.03,18.11,0.89,2182.2,2186.45,2172.16,592604,7261591,1470805019,1
20200110,2206.39,2.01,18.27,0.89,2189.48,2206.92,2188.1,594537,6459300,1484063381,1
20200113,2229.26,1.99,18.46,0.9,2204.49,2230.43,2204.49,488289,6214780,1499967181,1
20200114,2238.88,1.98,18.54,0.91,2243.06,2250.79,2232.94,835899,7294228,1506534496,1
20200115,2230.98,1.99,18.48,0.91,2229.8,2238.21,2223.39,746156,5946351,1501047629,2
20200116,2248.05,1.97,18.62,0.91,2231.93,2249.09,2225.41,808332,6204474,1513149909,1
20200117,2250.57,1.97,18.64,0.91,2261.57,2268.71,2245.58,580816,5444384,1515299754,1
20200120,2262.64,1.96,18.75,0.92,2261.4,2277.23,2258.09,545491,5950403,1524384084,1
20200121,2239.69,1.98,18.55,0.91,2259.81,2266.31,2238.25,770320,5569551,1508408628,2
20200122,2267.25,1.96,18.78,0.92,2238.53,2269.27,2235.13,608510,6365617,1526798959,1
20200123,2246.13,1.98,18.61,0.91,2254.54,2260.63,2241.94,509609,6790104,1512629062,2
20200128,2176.72,2.04,18.03,0.88,2192.22,2199.93,2166.23,808879,8818232,1466083103,2
20200129,2185.28,2.03,18.1,0.89,2188.18,2195.45,2172.33,692301,6589950,1472171522,1
20200130,2148,2.07,17.79,0.87,2181.54,2187.45,2139.72,602838,7105203,1446505817,2
20200131,2119.01,2.09,17.56,0.86,2160.6,2167.23,2119.01,710508,7226687,1427047755,2
20200203,2118.88,2.09,17.56,0.86,2086.61,2126.73,2082.74,836700,8068704,1427133302,2
20200204,2157.9,2.06,17.88,0.88,2121.22,2162.32,2120.53,624642,7791178,1454235584,1
20200205,2165.63,2.05,17.94,0.88,2177.26,2181.52,2154.88,574396,7736275,1460243895,1
20200206,2227.94,1.99,18.46,0.9,2184.77,2229.99,2182.25,695216,8334738,1501460506,1
20200207,2211.95,2.01,18.33,0.9,2221.49,2223.92,2198.14,800342,8813174,1491013321,2
20200210,2201.07,2.02,18.24,0.89,2185.63,2203.39,2180.51,609566,5471061,1483846707,2
20200211,2223.12,2,18.42,0.9,2213.5,2233.32,2211.25,526211,6611195,1498338522,1
20200212,2238.38,1.98,18.55,0.91,2225.95,2242.24,2214.77,632463,6892198,1508346242,1
20200213,2232.96,1.99,18.51,0.91,2245.72,2255.49,2230.3,638666,8121197,1505295817,2
20200214,2243.59,1.97,18.63,0.91,2232.71,2251.5,2221.9,597224,6379565,1511254623,1
20200217,2242.17,1.97,18.62,0.91,2243.07,2250.05,2230.26,458248,5639201,1510109679,2
20200218,2208.88,2,18.34,0.9,2225.98,2232.93,2205.21,470425,6411451,1487436221,2
20200219,2210.34,2,18.35,0.9,2222.51,2226,2191.2,591155,7107034,1488454959,1
20200220,2195.5,2.01,18.23,0.89,2223.55,2228.18,2186.72,709564,7677672,1478574048,2
20200221,2162.84,2.04,17.96,0.88,2165.65,2184.43,2160.28,635474,7105856,1456692607,2
20200224,2079.04,2.12,17.26,0.84,2114.04,2120.06,2079.03,948621,9315475,1400516368,2
20200225,2103.61,2.1,17.46,0.85,2075.55,2105.49,2071.5,1565588,8952278,1417275415,1
20200226,2076.77,2.12,17.24,0.84,2064.07,2089.64,2059.13,810938,8060327,1398569206,2
20200227,2054.89,2.15,17.06,0.83,2073.87,2085.4,2049.15,562775,7241174,1383776361,2
20200228,1987.01,2.22,16.5,0.81,2020.17,2031.01,1980.82,671552,9927960,1337716963,2
20200302,2002.51,2.2,16.62,0.81,1997.03,2017.07,1969.34,528103,7811003,1348109552,1
20200303,2014.15,2.19,16.72,0.82,2051.85,2051.85,2009.39,615693,8687847,1356176460,1
20200304,2059.33,2.14,17.09,0.84,2005.81,2063.59,2005.81,606287,7829193,1386938608,1
20200305,2085.26,2.12,17.31,0.85,2078.11,2089.08,2059.99,675205,7954349,1404684362,1
20200306,2040.22,2.16,16.93,0.83,2053.09,2062.57,2032.13,865588,7233538,1373917955,2
20200309,1954.77,2.26,16.22,0.79,1981.02,1989.5,1946.9,666868,8796944,1316427699,2
20200310,1962.93,2.25,16.29,0.8,1942.85,1968.17,1934.72,638564,9133693,1321480461,1
20200311,1908.27,2.31,15.84,0.77,1965.67,1967.7,1898.27,679716,8598097,1284895601,2
20200312,1834.33,2.41,15.22,0.74,1887.97,1897.23,1808.56,850345,11309953,1235351152,2
20200313,1771.44,2.49,14.7,0.72,1722.68,1809.31,1680.6,1035278,13376938,1193686837,2
20200316,1714.86,2.57,14.23,0.7,1805.43,1805.43,1714.38,682004,8593833,1155216111,2
20200317,1672.44,2.64,13.88,0.68,1640.84,1722.97,1637.88,649779,9709077,1126202984,2
20200318,1591.2,2.77,13.2,0.65,1686.12,1693.95,1591.12,728008,9576387,1071788837,2
20200319,1457.64,3.03,12.09,0.59,1626.09,1626.09,1439.43,977675,11932492,982169749,2
20200320,1566.15,2.82,13.19,0.64,1498.49,1566.82,1466.48,817021,10632970,1054892888,1
20200323,1482.46,2.97,12.48,0.6,1474.45,1516.75,1458.41,647528,9645272,998450498,2
20200324,1609.97,2.74,13.47,0.65,1523.69,1609.97,1508.68,679288,10481448,1083695461,1
20200325,1704.76,2.59,14.26,0.69,1668.19,1707.64,1645.28,872809,12612288,1147712135,1
20200326,1686.24,2.62,14.1,0.68,1699.11,1735.75,1679.23,992474,12374198,1135741554,2
20200327,1717.73,2.57,14.37,0.7,1756.07,1759.05,1668.21,1077527,12851933,1156581472,1
20200330,1717.12,2.57,14.36,0.7,1670.34,1729.63,1659.95,767777,9081050,1155630477,2
20200331,1754.64,2.51,14.66,0.71,1739.29,1757.81,1722.62,1037488,13905369,1179728723,1
20200401,1685.46,2.62,14.08,0.68,1737.28,1762.44,1685.37,1243591,12110507,1133944054,2
20200402,1724.86,2.56,14.41,0.7,1693.53,1726.76,1664.13,766313,10152245,1159987256,1
20200403,1725.44,2.56,14.41,0.7,1731.17,1743.91,1706.68,1000087,10153714,1160743273,1
20200406,1791.88,2.46,14.97,0.73,1745.25,1794.19,1742.67,1219389,10957483,1205000552,1
20200407,1823.6,2.42,15.23,0.74,1826.72,1838.97,1791.92,951739,11628936,1226518732,1
20200408,1807.14,2.44,15.09,0.73,1815.75,1842.16,1801.8,907494,11126542,1215858624,2
20200409,1836.21,2.4,15.33,0.75,1838.09,1839.33,1818.3,920571,10517359,1235327684,1
20200410,1860.7,2.37,15.54,0.76,1835.76,1861.1,1824.43,992548,12009989,1251445975,1
20200413,1825.76,2.42,15.25,0.74,1853.3,1853.3,1825.76,1017752,9516704,1228226158,2
20200414,1857.08,2.38,15.51,0.75,1846.41,1864.46,1837.17,886766,9995854,1248940314,1
20200416,1857.07,2.38,15.5,0.75,1839.51,1862.23,1828.13,878338,10710793,1248881506,2
20200417,1914.53,2.3,15.98,0.78,1893.31,1926.02,1893.19,1667460,14127722,1287911931,1
20200420,1898.36,2.32,15.85,0.77,1908.34,1925.25,1893.17,1087463,11915932,1276932686,2
20200421,1879.38,2.35,15.69,0.76,1886.78,1898.32,1841.66,1174294,13863164,1263694526,2
20200422,1896.15,2.33,15.83,0.77,1855.51,1897.9,1844.85,820360,9428673,1274786181,1
20200423,1914.73,2.3,15.98,0.78,1907.45,1923.53,1895.98,683720,9124272,1287024851,1
20200424,1889.01,2.34,15.77,0.77,1906.07,1908.29,1880.71,933917,9647344,1271159367,2
20200427,1922.77,2.29,16.05,0.78,1897.06,1929.82,1894.62,735663,8171669,1293318257,1
20200428,1934.09,2.28,16.15,0.79,1931.25,1941.79,1911.63,1173476,10375078,1300504429,1
20200429,1947.56,2.27,16.26,0.79,1936.89,1957.51,1934.31,1984182,10525129,1309179248,1
20200504,1895.37,2.3,18.3,0.78,1906.42,1918.66,1894.29,1146855,10261902,1274213042,2
20200506,1928.76,2.26,18.62,0.79,1919.45,1928.76,1902.55,1082527,8550701,1296556106,1
20200507,1928.61,2.26,18.62,0.79,1922,1938.5,1918.57,775658,7383335,1296095633,2
20200508,1945.82,2.24,18.79,0.8,1944.94,1956.89,1942.54,784773,7941568,1307404236,1
20200511,1935.4,2.25,18.69,0.79,1953.51,1960.46,1932.87,591283,7752761,1300769234,2
20200512,1922.17,2.27,18.56,0.79,1938.62,1938.62,1905.17,799930,9681897,1291568130,2
20200513,1940.42,2.25,18.73,0.79,1897.5,1940.42,1897.24,618784,9012308,1303464008,1
20200514,1924.96,2.26,18.58,0.79,1922.44,1931.43,1913.49,760646,9469021,1292884145,2
20200515,1927.28,2.26,18.61,0.79,1937.63,1938.59,1913.21,866357,9723313,1294619578,1
20200518,1937.11,2.25,18.72,0.79,1934.51,1943.07,1921.14,761696,9394307,1301926005,1
20200519,1980.61,2.2,19.14,0.81,1977.47,1983.77,1968.59,773415,11918300,1331835812,1
20200520,1989.64,2.19,19.23,0.81,1972.12,1992.2,1972.12,699447,8248632,1337699454,1
20200521,1998.31,2.18,19.32,0.82,2003.2,2004.95,1993,601199,8636998,1343561078,1
20200522,1970.13,2.21,19.04,0.81,2001.6,2002.65,1961.4,847467,9509772,1324302793,2
20200525,1994.6,2.19,19.27,0.82,1980.51,1994.9,1967.84,641459,7960325,1340826177,1
20200526,2029.78,2.15,19.62,0.83,2001,2029.89,1997.94,1017804,12545314,1363735034,1
20200527,2031.2,2.15,19.63,0.83,2027.9,2043.44,2019.82,1178848,12635098,1364678863,1
20200528,2028.54,2.15,19.61,0.83,2047.08,2054.52,2003.75,1172134,14479213,1363293486,2
20200529,2029.6,2.15,19.62,0.83,2018.37,2038.89,2006.62,1086215,14084590,1363450451,1
20200601,2065.08,2.11,19.97,0.85,2037.04,2065.38,2035.63,997348,9839657,1387477879,1
20200602,2087.19,2.09,20.18,0.85,2061.45,2089.43,2059.14,1000332,10232917,1402057228,1
20200603,2147,2.03,24.57,0.88,2108.55,2156.55,2107.69,1152001,16998832,1442871666,1
20200604,2151.18,2.02,24.62,0.88,2181.64,2191,2139.68,1393308,16034002,1446260120,1
20200605,2181.87,1.99,25,0.9,2151.17,2187.25,2138.18,854591,12778906,1466769477,1
20200608,2184.29,1.99,25.02,0.9,2215.6,2217.21,2174.96,854035,13145519,1468714984,1
20200609,2188.92,1.99,25.08,0.9,2206.23,2212.17,2166.01,817085,14689861,1472051666,1
20200610,2195.69,1.98,25.16,0.9,2187.91,2200.68,2178.12,706294,12888183,1476712868,1
20200611,2176.78,2,24.94,0.9,2184.36,2200.72,2148.51,827381,16987058,1464392590,2
20200612,2132.3,2.04,24.43,0.88,2088.24,2137.12,2084.63,689897,14960781,1434087758,2
20200615,2030.82,2.14,23.26,0.83,2114.41,2129.67,2030.82,1072278,18242465,1366175254,2
20200616,2138.05,2.03,24.5,0.88,2091.09,2138.08,2079.02,973639,13837057,1437701364,1
20200617,2141.05,2.03,24.54,0.88,2133.18,2154.37,2105.26,927516,15458440,1440025502,1
20200618,2133.48,2.04,24.45,0.88,2134.35,2145.13,2120.29,767184,11089871,1435518023,2
20200619,2141.32,2.03,24.54,0.88,2153.09,2153.57,2108.91,1079453,12300498,1441080603,1
20200622,2126.73,2.05,24.37,0.87,2126.38,2142.88,2122.1,789372,10098315,1430718937,2
20200623,2131.24,2.04,24.43,0.88,2149.13,2158.15,2110.51,917567,13496081,1433435233,1
20200624,2161.51,2.01,24.78,0.89,2145.93,2171.86,2143.91,913896,13324798,1453951201,1
20200625,2112.37,2.06,24.22,0.87,2130.45,2143.33,2112.37,1017721,10692627,1420866478,2
20200626,2134.65,2.04,24.48,0.88,2137.47,2142.04,2115.25,761044,9821160,1436168481,1
20200629,2093.48,2.08,24,0.86,2105.54,2120.5,2087.84,643156,9025868,1408463552,2
20200630,2108.33,2.06,24.18,0.87,2124.38,2134.38,2108.26,708605,11699083,1418860741,1
20200701,2106.7,2.06,24.16,0.87,2128.81,2133.55,2101.33,1116221,10232632,1417280238,2
20200702,2135.37,2.04,24.49,0.88,2116.72,2135.37,2113.98,1091965,10745168,1445664482,1
20200703,2152.41,2.01,24.89,0.89,2147.89,2153.54,2135.3,770055,8649544,1456812255,1
20200706,2187.93,1.97,25.31,0.91,2158.95,2191.28,2157.71,666902,11656295,1480948171,1
20200707,2164.17,1.99,25.03,0.9,2202.04,2206.79,2164.03,847434,14858393,1465179698,2
20200708,2158.88,2,24.97,0.89,2166.76,2173.83,2150.89,677810,11567569,1460994855,2
20200709,2167.9,1.99,25.07,0.9,2171.15,2181.48,2166.74,619368,12029950,1467208749,1
20200710,2150.25,2.01,24.87,0.89,2171.44,2171.52,2140.29,886987,12048058,1455781561,2
20200713,2186.06,1.97,25.28,0.91,2170.51,2188.8,2163.07,650231,10462266,1479593286,1
20200714,2183.61,1.98,25.25,0.91,2176.43,2183.61,2165.6,810952,11633360,1477856002,2
20200715,2201.88,1.96,25.46,0.91,2208.73,2216.97,2190.66,830266,13641396,1490240355,1
20200716,2183.76,1.98,25.25,0.91,2203.3,2207.34,2177.82,784637,11304254,1478307593,2
20200717,2201.19,1.96,25.45,0.91,2187.85,2204.2,2187.85,569297,10191103,1490180654,1
20200720,2198.2,1.96,25.42,0.91,2209.59,2209.59,2183.83,686819,12025004,1488358384,2
20200721,2228.83,1.94,25.8,0.92,2219.19,2234.86,2214.28,918483,15759333,1509515194,1
20200722,2228.66,1.94,25.8,0.92,2228.2,2238.86,2221.62,856218,15651893,1509717833,2
20200723,2216.19,1.95,25.65,0.92,2227.24,2227.24,2202.99,934542,16328983,1501425782,2
20200724,2200.44,1.96,25.47,0.91,2196.73,2219.57,2195.49,1001025,17156947,1490986232,2
20200727,2217.86,1.95,25.67,0.92,2203.48,2231.25,2203.48,928625,14256877,1502710706,1
20200728,2256.99,1.91,26.13,0.94,2238.19,2266,2237.21,866726,17516982,1530086534,1
20200729,2263.16,1.91,26.2,0.94,2258.35,2276.79,2252.24,899494,15500572,1536196696,1
20200730,2267.01,1.9,26.24,0.94,2275.33,2281.33,2263.81,713039,13550209,1539287193,1
20200731,2249.37,1.92,26.04,0.93,2278.53,2281.41,2248.49,739689,13002293,1526798728,2
20200803,2251.04,1.92,26.06,0.93,2251.65,2254.38,2237.04,648462,13612906,1528025691,1
20200804,2279.97,1.89,26.39,0.95,2272.33,2284.66,2269.69,722906,15287235,1548269502,1
20200805,2311.86,1.87,26.77,0.96,2289.23,2312.14,2283.95,841299,17883091,1569777969,1
20200806,2342.61,1.84,27.12,0.97,2322.64,2352.48,2322.64,797147,17831686,1590672221,1
20200807,2351.67,1.83,27.23,0.98,2349.25,2362.24,2333.62,812595,17585764,1598022872,1
20200810,2386.38,1.81,27.63,0.99,2353.92,2390.51,2349.33,784617,19511322,1621675151,1
20200811,2418.67,1.78,28.01,1,2396.11,2429.36,2396.11,843438,19680402,1643244636,1
20200812,2432.35,1.77,28.16,1.01,2414.78,2432.35,2393.27,763735,16680056,1652303925,1
20200813,2437.53,1.77,28.23,1.01,2455.28,2458.17,2412.49,907219,18250023,1656293275,1
20200814,2407.49,1.79,27.89,1,2427.85,2435,2383.69,968125,16595686,1636857790,2
20200818,2348.24,1.84,26.95,0.97,2405.84,2419.65,2336.78,909750,17572479,1596724897,2
20200819,2360.54,1.83,27.09,0.98,2370.87,2380.1,2353.17,637965,12367503,1604983685,1
20200820,2274.22,1.9,26.1,0.94,2339.91,2357.08,2270.85,903744,17101785,1546235567,2
20200821,2304.59,1.87,26.45,0.96,2306.16,2329.34,2280.97,865736,14111672,1566780399,1
20200824,2329.83,1.85,26.74,0.97,2309.38,2332.33,2283.48,649277,11654193,1583436465,1
20200825,2366.73,1.82,27.17,0.98,2352.15,2369.78,2340.97,771585,13567980,1608120253,1
20200826,2369.32,1.82,27.2,0.98,2367.74,2374.68,2336.98,956478,14435847,1610120509,1
20200827,2344.45,1.84,26.91,0.97,2371.95,2373.36,2344.38,913917,15184934,1593246017,2
20200828,2353.8,1.83,27.02,0.98,2362.22,2379.26,2345.28,1297312,15539938,1599550089,1
20200831,2326.17,1.85,26.7,0.97,2377.09,2381.5,2326.06,1647818,19494384,1581099787,2
20200901,2349.55,1.83,26.97,0.98,2340.19,2355.9,2331.23,1085245,16664315,1596297723,1
20200902,2364.37,1.82,27.14,0.98,2363.43,2369.57,2341.29,1429273,15793103,1605940739,1
20200903,2395.9,1.8,27.51,0.99,2383.26,2401.78,2382.23,981546,17420977,1627702404,1
20200904,2368.25,1.82,27.19,0.98,2332.68,2371.02,2332.68,1351039,19692978,1609097990,2
20200907,2384.22,1.81,27.37,0.99,2369.85,2387.49,2362.42,1197385,17183376,1620531148,1
20200908,2401.91,1.79,27.58,1,2402.66,2407.56,2391.43,979357,17297864,1633223140,1
20200909,2375.81,1.81,27.28,0.99,2372.53,2388.85,2369.12,946247,15502531,1615470589,2
20200910,2396.48,1.8,28.63,0.98,2404.83,2406.68,2388.56,1064574,15782939,1630210829,1
20200911,2396.69,1.8,28.63,0.98,2389.76,2397.56,2374,882880,12068892,1630532301,1
20200914,2427.91,1.78,29,0.99,2418.33,2429.07,2410.79,963083,12021767,1652166907,1
20200915,2443.58,1.76,29.19,0.99,2434.59,2444.57,2423.79,849969,11840594,1662644697,1
20200916,2435.92,1.77,29.1,0.99,2442.72,2450.53,2429.94,772938,11855357,1657263235,2
20200917,2406.17,1.79,28.75,0.98,2430.77,2437.02,2398.69,853740,14235036,1636916706,2
20200918,2412.4,1.79,28.82,0.98,2413.53,2417.81,2396.33,756517,13965197,1640898100,1
